OverallQual,YearBuilt,YearRemodAdd,TotalBsmtSF,1stFlrSF,GrLivArea,FullBath,TotRmsAbvGrd,GarageCars,GarageArea,Target
5,1961,1961,882.0,896,896,1,5,1.0,730.0,110256.84378971322
6,1958,1958,1329.0,1329,1329,1,6,1.0,312.0,156469.88299380196
5,1997,1998,928.0,928,1629,2,6,2.0,482.0,169495.20684637618
6,1998,1998,926.0,926,1604,2,7,2.0,470.0,188446.3492996695
8,1992,1992,1280.0,1280,1280,2,5,2.0,506.0,218616.36930713896
6,1993,1994,763.0,763,1655,2,7,2.0,440.0,183007.1919961786
6,1992,2007,1168.0,1187,1187,2,6,2.0,420.0,175796.56786664762
6,1998,1998,789.0,789,1465,2,7,2.0,393.0,176644.2143732356
7,1990,1990,1300.0,1341,1341,1,5,2.0,506.0,209090.81123740808
4,1970,1970,882.0,882,882,1,4,2.0,525.0,103074.05542922928
7,1999,1999,1405.0,1337,1337,2,5,2.0,511.0,208657.4046253024
6,1971,1971,483.0,483,987,1,5,1.0,264.0,121721.13550322433
5,1971,1971,525.0,525,1092,1,6,1.0,320.0,109602.43031122652
6,1975,1975,855.0,855,1456,2,6,2.0,440.0,164653.7467640054
7,1975,1975,836.0,836,836,1,4,1.0,308.0,147059.53924535145
9,2009,2010,1590.0,1627,2334,2,10,3.0,751.0,326072.2725286749
8,2009,2010,1544.0,1544,1544,2,7,3.0,868.0,266847.89337294316
9,2005,2005,1698.0,1698,1698,2,7,3.0,730.0,293792.7361606816
8,2005,2006,1822.0,1822,1822,2,8,3.0,678.0,283798.786386946
9,2003,2004,2846.0,2696,2696,2,10,3.0,958.0,377125.86197224306
8,2002,2002,1671.0,1687,2250,2,7,3.0,756.0,298693.9652959036
8,2006,2006,1370.0,1370,1370,2,6,2.0,484.0,234084.24550567148
6,2005,2005,1324.0,1324,1324,2,6,2.0,430.0,189870.3987562945
7,2006,2006,1145.0,1145,1145,2,6,2.0,437.0,196331.64702972234
7,2004,2004,384.0,744,1374,2,7,2.0,400.0,188842.88737154822
7,2004,2004,847.0,847,1733,2,7,2.0,433.0,215020.90904829465
8,1998,1998,1629.0,1645,2475,2,7,3.0,962.0,308786.50541276205
8,2005,2006,1595.0,1595,1595,2,6,3.0,880.0,268132.7731592974
7,2009,2010,1218.0,1218,1218,2,4,2.0,676.0,206550.35737131326
6,2005,2005,1468.0,1468,1468,2,6,2.0,528.0,202414.66381379846
7,2004,2004,831.0,831,1659,2,8,2.0,484.0,212163.9544664044
5,1920,1950,816.0,1012,1012,1,5,1.0,429.0,97283.9188410244
6,1974,2002,1208.0,1494,1494,2,7,2.0,461.0,189975.05425100634
8,1993,1993,1231.0,1251,2349,2,9,3.0,762.0,286172.708553368
8,1992,1993,1390.0,1402,2225,2,7,3.0,713.0,282903.4586246065
7,2004,2005,1488.0,1488,1488,2,6,2.0,506.0,223020.28078473895
7,2004,2004,840.0,840,1680,2,3,2.0,588.0,212632.3039514271
7,2004,2004,600.0,600,1200,2,4,2.0,480.0,181421.16366991145
7,2004,2005,600.0,600,1200,2,4,2.0,480.0,181736.1395816782
6,2005,2005,600.0,600,1236,2,4,2.0,480.0,164102.15276599
6,2000,2000,756.0,756,1512,2,5,2.0,440.0,178876.72582617216
7,2003,2003,530.0,530,1080,2,4,2.0,496.0,173219.23749862192
8,2010,2010,1642.0,1418,1418,1,6,3.0,852.0,267253.81735054567
8,2000,2000,975.0,975,1848,2,7,2.0,592.0,243819.3413316065
7,2002,2002,1492.0,1492,1492,2,6,2.0,596.0,223089.7697000627
6,1967,1967,1829.0,1829,1829,2,8,2.0,535.0,208760.18004771112
6,1993,1993,1280.0,1280,2495,2,9,2.0,660.0,242308.57599343895
6,1978,1978,1224.0,1287,1891,3,7,2.0,678.0,195736.15763514652
6,1971,1971,715.0,930,1645,1,7,2.0,441.0,177994.59371089912
5,1966,1966,1232.0,1232,1232,1,6,2.0,490.0,147888.30106866453
5,1966,1966,1209.0,1209,1209,1,6,2.0,504.0,146301.9838960427
5,1967,1967,1510.0,1510,1510,2,6,2.0,517.0,163219.36279507005
6,1964,1964,533.0,1131,1775,2,8,2.0,480.0,174028.5223206717
5,1962,2001,1728.0,1728,1728,2,10,0.0,0.0,161343.46850975114
5,1952,2002,1140.0,1929,2461,2,7,2.0,400.0,215012.37242911966
6,1949,1950,782.0,1019,1556,2,6,2.0,470.0,155962.7558327841
6,1966,2008,1080.0,1128,1128,1,5,1.0,315.0,157748.21667431737
5,1958,1958,1604.0,1604,1604,2,8,2.0,576.0,166881.12797155976
7,2003,2009,1480.0,1480,1480,2,7,2.0,620.0,225436.98039304535
5,1959,1959,1143.0,1143,1143,1,6,1.0,308.0,122942.38508030819
5,1959,1959,1206.0,1206,1206,1,6,1.0,312.0,127883.44308928889
6,1959,1959,1244.0,1580,1580,1,6,2.0,440.0,184579.97882401012
4,1956,1956,832.0,832,1337,1,5,1.0,263.0,100582.65339857433
5,1952,1952,864.0,1064,1064,1,4,1.0,318.0,108865.17178558651
5,1955,1955,972.0,972,972,1,5,1.0,305.0,106803.18557901261
5,1958,1958,988.0,988,988,1,5,1.0,264.0,109255.07036825898
4,1920,1994,576.0,985,985,1,4,2.0,676.0,100529.28371869889
6,1948,2004,816.0,816,1224,1,5,1.0,280.0,147079.70266108867
5,1960,1960,1175.0,1175,1175,1,6,2.0,484.0,139807.77479041344
6,1963,1984,1395.0,1395,1395,1,7,2.0,440.0,184748.84824068076
4,1900,1954,709.0,1157,1844,1,9,1.0,240.0,112903.39383706241
5,1920,1950,936.0,936,936,1,5,0.0,0.0,76994.5519390211
5,1957,1957,1347.0,1347,1347,1,6,2.0,551.0,152298.5392353197
6,1938,2000,827.0,827,1251,1,6,1.0,240.0,144521.73978362838
5,1948,2009,1027.0,1027,1633,1,7,1.0,240.0,155231.86454024608
5,1920,1962,1008.0,1060,1245,1,6,1.0,315.0,114696.59312459547
2,1923,1970,678.0,832,832,1,5,2.0,780.0,48416.81119452207
8,1900,2003,930.0,930,1566,2,7,1.0,288.0,186181.89733631467
8,1890,2002,346.0,1157,2268,3,7,2.0,624.0,220115.34884626954
5,1910,1950,840.0,1128,2256,2,12,0.0,0.0,134933.05399688287
6,1922,1994,738.0,868,1470,1,6,2.0,624.0,164626.7413532266
5,1950,1997,988.0,1030,1612,1,7,1.0,363.0,152191.68138367683
7,1922,2005,1108.0,1160,2068,1,8,1.0,315.0,211509.70034927782
4,1925,1950,765.0,765,765,1,4,1.0,200.0,59167.780371832894
6,1939,1950,608.0,608,1132,1,5,1.0,240.0,116426.64789626515
6,1940,1950,572.0,848,1196,1,6,2.0,576.0,139193.2524668898
5,1942,1950,835.0,955,1453,1,7,1.0,240.0,122380.2919283451
6,1948,1950,780.0,780,1416,1,6,1.0,312.0,139143.80831178022
5,1936,1980,528.0,548,1040,1,5,2.0,624.0,115610.56883070059
5,1930,1950,928.0,928,1536,2,7,2.0,480.0,131497.08417380904
6,1923,1950,1124.0,1068,1068,1,5,1.0,288.0,123925.85427409131
4,1915,1950,888.0,888,1962,1,9,2.0,572.0,136336.2434869015
6,1912,2009,780.0,780,1560,1,7,0.0,0.0,139281.2693850156
6,1920,1993,662.0,662,1324,1,6,1.0,180.0,135059.59876185888
5,1959,1959,1422.0,1675,1675,2,8,1.0,365.0,154891.3788325875
5,1917,1950,689.0,725,1224,1,6,1.0,180.0,97533.98144623172
5,1915,1950,1212.0,1212,1392,1,6,0.0,0.0,106095.3806376087
6,1940,1950,600.0,600,919,1,5,1.0,231.0,106106.59404271934
4,1907,1950,707.0,942,1884,1,7,0.0,0.0,96809.86224215454
5,1910,1950,856.0,936,1680,2,7,2.0,450.0,131405.55113086686
4,1967,1967,1832.0,1832,1832,2,8,0.0,0.0,139550.07607395435
5,1966,2008,864.0,892,892,1,5,1.0,416.0,121526.61534609762
5,1968,1968,864.0,864,864,1,4,1.0,280.0,105372.69584968244
5,1978,1978,1319.0,1373,1373,1,5,2.0,591.0,166128.04189735372
5,1968,1968,720.0,720,1440,1,7,2.0,480.0,144305.25935264607
7,1977,2001,1420.0,1483,1483,1,4,2.0,690.0,221715.18064857367
4,1927,1950,660.0,756,756,1,4,2.0,440.0,72275.17867476097
6,1978,1992,1117.0,1117,1981,2,8,2.0,522.0,205870.22241218877
3,1938,1990,972.0,1052,1610,2,8,1.0,480.0,102202.5454583522
6,1950,1987,663.0,1074,1074,1,6,1.0,467.0,139575.05634878995
4,1947,1979,756.0,1169,1531,1,8,1.0,209.0,118934.92862334056
5,1954,1998,1172.0,1172,1172,1,5,1.0,366.0,136431.6452139027
7,2009,2010,1508.0,1508,1508,1,5,2.0,572.0,235226.2456187678
5,1964,1964,1250.0,1298,1298,2,5,2.0,504.0,143633.6664672771
7,1987,1987,1433.0,1433,1433,1,4,2.0,528.0,214908.946683384
6,1993,1993,946.0,964,1802,2,8,4.0,1017.0,226606.63439687458
7,2010,2010,1222.0,1222,1222,2,6,2.0,615.0,207191.13729751878
6,1900,1993,676.0,831,1445,2,6,2.0,484.0,146288.6485573973
5,1996,1996,870.0,965,965,1,4,2.0,580.0,143996.7414766315
7,1997,1998,878.0,892,1692,2,8,2.0,513.0,211887.30636680126
5,1977,2004,1026.0,1026,1026,1,5,1.0,308.0,132650.67649813788
5,1972,1972,876.0,876,876,1,5,2.0,484.0,123323.62153606769
8,2003,2003,1978.0,1978,1978,2,8,3.0,850.0,296807.67281277967
7,1997,1997,1040.0,1044,2098,2,9,2.0,621.0,237691.8024609217
6,2003,2003,848.0,848,848,1,4,2.0,420.0,157922.41570841963
3,1945,2007,0.0,640,640,1,5,1.0,240.0,44784.43600881356
5,1954,1954,381.0,992,992,1,6,1.0,319.0,99207.03178223502
5,1968,1968,1196.0,1196,1196,1,6,1.0,336.0,132810.62631264282
4,1948,1950,744.0,792,1120,1,5,2.0,480.0,98476.37931793183
6,1975,1975,1008.0,1096,1096,1,5,1.0,352.0,147321.15171712264
4,1958,1958,960.0,960,960,1,5,0.0,0.0,72411.95867817872
5,1924,1999,1107.0,1296,1296,2,5,1.0,260.0,126389.64665159676
6,1939,1950,856.0,856,856,1,4,2.0,399.0,123562.16297556087
4,1967,1967,0.0,862,2650,3,10,0.0,0.0,131014.32668328262
5,1931,1950,894.0,894,1666,1,7,0.0,0.0,114847.80888519622
7,1941,1985,1528.0,1225,2133,1,8,1.0,312.0,220895.33163711336
5,1950,1991,1032.0,1102,2177,2,11,2.0,484.0,186790.99423116515
7,1994,2007,423.0,896,1652,2,6,2.0,473.0,203690.40559697757
8,1989,1989,982.0,1034,1034,1,4,2.0,598.0,205011.78320312803
8,1989,1989,1191.0,1191,1191,2,5,2.0,531.0,210279.1995724251
2,1941,1950,480.0,540,540,1,4,1.0,200.0,6025.192381288391
6,1921,1975,629.0,727,1107,1,5,1.0,625.0,125487.69565862487
4,1896,1950,756.0,952,952,1,5,1.0,330.0,64846.26947070984
8,2004,2005,1594.0,1646,1646,2,5,2.0,525.0,253946.85128758568
8,1998,1999,1049.0,1036,1916,2,8,3.0,741.0,262066.26320140902
6,1977,1977,1243.0,1285,1285,2,6,2.0,473.0,170128.55357063073
6,1976,1976,1958.0,2048,2048,3,9,2.0,776.0,226395.34321686462
7,2008,2008,1336.0,1346,1346,2,6,3.0,660.0,227407.50684285956
7,2009,2010,1214.0,1214,1214,2,6,2.0,520.0,204952.87320542545
5,2006,2007,384.0,744,1444,2,7,2.0,400.0,154423.7026489731
5,1965,1977,1068.0,1264,1264,1,7,2.0,528.0,151589.99139237357
5,2004,2005,1430.0,1430,1430,2,7,2.0,624.0,181346.47934505553
5,1999,1999,1344.0,1344,1344,2,7,2.0,686.0,172255.43430145737
5,1973,1973,945.0,945,945,1,5,1.0,253.0,114707.5768728978
4,1970,1970,546.0,546,1092,1,5,0.0,0.0,73711.026989104
4,1970,1970,546.0,546,1092,1,5,0.0,0.0,73711.026989104
4,1972,1972,546.0,546,1092,1,5,1.0,286.0,90239.29946726025
5,1971,2004,864.0,874,874,1,5,1.0,352.0,119647.09394111764
5,1984,1984,833.0,833,833,1,5,2.0,495.0,127297.44715162856
5,1985,1986,1216.0,1216,2432,4,10,2.0,616.0,198729.7997921114
5,1991,1991,624.0,624,1274,1,6,2.0,576.0,148103.98262541415
5,1969,1969,864.0,864,1479,2,8,1.0,275.0,130076.9782206947
8,1994,1995,1679.0,1803,1803,2,6,2.0,482.0,258923.6324560775
6,1993,1994,1152.0,1152,1797,2,7,2.0,616.0,203772.27017593803
6,1956,1956,882.0,882,882,1,5,1.0,502.0,122838.8631497731
6,1974,1974,1434.0,1434,1434,2,7,2.0,528.0,181753.61359682563
6,1997,1997,945.0,945,1608,2,7,2.0,470.0,188602.4024435936
8,2003,2003,1008.0,1008,2283,2,9,3.0,632.0,280272.4556655907
7,1996,1997,384.0,958,1628,2,7,2.0,390.0,199541.03054329613
8,2004,2005,2208.0,2522,2522,2,8,2.0,564.0,319833.3485644772
8,1998,1998,1418.0,1478,1478,2,5,2.0,495.0,236486.63635333464
8,1995,1996,1587.0,1734,1734,2,6,2.0,528.0,254470.67610697565
7,1998,1998,384.0,751,1382,2,7,2.0,396.0,185695.45893453597
6,1998,1999,952.0,952,1636,2,7,2.0,440.0,190643.51123023615
6,1994,1995,707.0,707,1516,2,7,2.0,409.0,174835.26457508258
6,1993,1993,1181.0,1190,1190,2,6,2.0,430.0,172191.95115567534
5,1977,1977,1122.0,946,1934,2,6,2.0,567.0,176296.72932069888
7,1978,1978,832.0,1154,2050,2,8,2.0,529.0,220762.3465583818
6,1978,1986,1427.0,1671,1671,2,7,2.0,484.0,200739.95913613122
7,1980,1991,1043.0,1539,2673,2,9,2.0,441.0,263306.2879294937
6,1978,1998,1140.0,1707,1707,2,7,2.0,479.0,202376.1730543829
7,2003,2003,926.0,1016,1884,2,7,2.0,581.0,227390.432003045
8,2000,2001,1058.0,1058,1874,2,7,2.0,588.0,247773.56119987625
8,2002,2002,972.0,972,1811,2,7,2.0,565.0,242764.602981437
5,1975,1975,1621.0,1621,1621,2,7,2.0,478.0,176499.72752851387
6,1974,1974,1116.0,1116,1116,2,6,2.0,528.0,156643.19618999935
7,1975,1975,1176.0,1193,1193,2,5,2.0,506.0,181835.58352472028
5,1970,1970,1180.0,1180,1180,1,6,2.0,477.0,146057.84911820455
5,1971,1971,1043.0,1050,1050,1,6,1.0,336.0,123173.2166104305
4,1970,1970,864.0,864,864,1,5,2.0,576.0,102850.05478128139
4,1971,2006,864.0,864,864,1,5,2.0,576.0,114470.30167848826
6,1973,1973,483.0,483,987,1,5,1.0,264.0,122913.31547396467
6,1972,1972,483.0,483,987,1,5,1.0,288.0,122654.95901626651
6,1976,1976,804.0,804,1548,2,7,2.0,440.0,168623.38988005696
7,1975,1975,1057.0,1055,1055,2,4,2.0,440.0,170039.02511233278
6,1977,1977,855.0,855,1456,2,6,2.0,440.0,165845.92673474597
6,1978,1978,804.0,804,1548,2,7,2.0,440.0,169815.56985079776
6,1978,1978,855.0,855,1456,2,6,2.0,440.0,166442.01672011637
7,1976,1976,836.0,836,836,1,5,1.0,345.0,148630.26566907018
5,1966,2004,864.0,1120,1120,1,5,2.0,656.0,149199.9764943777
9,2007,2007,1776.0,1794,2772,3,10,3.0,754.0,343668.81102153985
9,2009,2009,1365.0,1365,2690,2,8,3.0,864.0,336389.2176878513
9,2008,2008,2020.0,2020,2020,2,7,3.0,896.0,322883.5939092245
10,2007,2007,2630.0,2674,2674,2,8,3.0,762.0,390547.296884462
9,2008,2008,1736.0,1736,1736,2,7,3.0,834.0,299990.8867261128
8,2004,2005,1782.0,1782,1782,2,7,3.0,932.0,283221.638295647
8,2007,2007,1508.0,1508,2520,2,10,3.0,640.0,309349.11031408235
9,2008,2008,1739.0,1743,1743,2,8,3.0,927.0,302236.0795331523
9,2006,2006,1504.0,1531,1531,2,6,3.0,700.0,280157.5560487164
9,2008,2008,1774.0,1808,1808,2,7,3.0,850.0,305286.5901287482
7,2003,2004,1760.0,1760,1760,2,8,2.0,583.0,245505.4770631357
9,2003,2003,2452.0,2452,2452,2,10,3.0,886.0,354619.87288726727
8,2003,2004,1082.0,1105,2400,3,10,3.0,730.0,283356.4809897307
8,2006,2006,1598.0,1606,1606,2,6,3.0,871.0,269019.65204980667
6,2005,2005,1358.0,1358,1358,2,6,2.0,484.0,193266.52378057083
6,2005,2005,1306.0,1306,1306,2,5,2.0,624.0,190750.79921101825
7,2007,2008,1350.0,1358,1358,2,6,2.0,484.0,214298.7981292191
10,2004,2005,2492.0,2492,2492,2,8,3.0,949.0,378256.60191838094
8,2003,2004,2200.0,2200,2200,2,8,3.0,685.0,312013.72655465524
9,2008,2009,1884.0,1884,1884,2,6,2.0,649.0,297412.4320314673
9,2008,2008,1451.0,1456,1456,2,6,2.0,539.0,262288.794582485
8,2002,2003,1712.0,1712,1712,2,8,3.0,701.0,273805.2158290248
7,2003,2003,1405.0,1405,1405,2,6,2.0,478.0,215279.70300564682
7,2005,2005,728.0,728,1456,2,8,2.0,390.0,198644.10369846714
6,2005,2006,745.0,745,1490,2,7,2.0,392.0,181022.95270682685
7,2005,2006,1220.0,1220,1220,2,5,2.0,397.0,200848.88112169434
7,2004,2005,384.0,744,1374,2,6,2.0,400.0,188703.89936679415
7,2004,2005,868.0,868,1630,2,7,2.0,436.0,211045.7507706473
7,2004,2004,846.0,846,1594,2,7,2.0,434.0,208323.86623291532
7,2003,2003,782.0,806,1489,2,8,2.0,400.0,201115.88788097282
7,2003,2003,698.0,698,1342,2,7,2.0,393.0,190676.26527125202
8,2002,2002,870.0,878,2004,2,8,3.0,644.0,262028.76240875875
7,2004,2004,384.0,744,1374,2,7,2.0,400.0,188842.88737154822
6,2000,2000,794.0,819,1514,2,7,2.0,394.0,180713.36188107287
7,1999,2000,384.0,774,1430,2,7,2.0,400.0,189301.49374340358
7,1999,1999,1177.0,1223,2312,2,8,3.0,658.0,265190.9754014455
7,1999,1999,384.0,774,1430,2,7,2.0,410.0,189127.2401348336
8,2000,2000,1455.0,1466,2687,2,10,3.0,810.0,314193.0924271655
8,1994,1995,2024.0,2063,2063,2,7,3.0,815.0,296814.56200788706
7,1995,1996,1070.0,1094,2061,2,7,2.0,647.0,235666.1072174313
8,1993,1994,1173.0,1215,2232,2,8,2.0,623.0,265750.0032280679
8,2008,2008,1696.0,1696,1696,2,7,3.0,972.0,279185.81405334896
8,2008,2008,1614.0,1658,1658,2,7,3.0,726.0,272115.02958790027
8,2007,2007,1702.0,1702,1702,2,7,3.0,844.0,277253.694690651
8,2006,2006,1422.0,1432,1432,2,7,2.0,492.0,239307.41871001944
9,2005,2006,2458.0,2490,2490,2,9,3.0,795.0,356856.93534970284
7,2008,2009,1436.0,1436,1436,2,6,2.0,529.0,221696.429125787
7,2008,2008,1402.0,1402,1402,2,7,2.0,625.0,220550.12665421586
9,2007,2008,1530.0,1530,1530,2,7,3.0,984.0,285848.1876438474
8,2006,2007,1372.0,1448,1448,2,6,2.0,692.0,242229.4823193394
8,2006,2006,900.0,909,1795,2,8,3.0,782.0,257206.98732717172
8,2008,2009,1836.0,1836,1836,2,8,2.0,517.0,273095.4968673121
7,2006,2007,1652.0,1662,1662,2,8,3.0,711.0,252657.2958190057
7,2003,2004,1553.0,1553,1553,2,6,2.0,588.0,228617.95480781444
7,2003,2003,812.0,812,1653,2,6,2.0,628.0,211838.0558582323
7,2007,2007,1218.0,1218,1218,1,6,2.0,576.0,211743.89756717742
7,2006,2006,1141.0,1141,1141,1,6,2.0,484.0,203882.88906298345
6,2004,2004,1158.0,1158,1158,1,5,0.0,0.0,154475.42895625508
7,2004,2004,835.0,871,1812,2,8,2.0,478.0,220070.63962168572
8,2004,2004,1512.0,1512,1512,2,6,3.0,845.0,260293.68976796768
7,2004,2005,1114.0,1114,1114,1,6,2.0,576.0,202206.8577272615
5,2004,2004,1114.0,1114,1114,1,6,0.0,0.0,131872.20834683627
5,2003,2004,1114.0,1114,1114,2,6,2.0,576.0,155119.5769320447
7,2008,2009,1450.0,1450,1450,2,6,3.0,788.0,237738.07565628295
7,1996,1997,913.0,913,2122,2,8,2.0,559.0,233438.0276329904
6,1992,1992,816.0,833,1730,2,6,2.0,528.0,188292.36396267358
6,1990,1991,1332.0,1332,1332,2,5,2.0,542.0,182986.43890490988
7,1994,1994,754.0,754,1540,2,6,2.0,495.0,197460.73262728285
6,1986,1986,676.0,698,1400,2,6,2.0,465.0,163913.07481328212
6,1981,1981,0.0,964,1882,2,8,2.0,612.0,180730.0713401453
5,1962,1962,980.0,980,980,1,5,2.0,400.0,124244.40013108379
5,1961,1961,864.0,864,864,1,5,2.0,732.0,119326.11260909191
5,1961,1961,864.0,864,864,1,5,1.0,440.0,103905.58671975858
5,1965,1965,1024.0,1020,1020,2,5,1.0,288.0,109106.83571877633
5,1963,1995,912.0,912,912,1,6,1.0,300.0,117382.57636752748
5,1962,1962,912.0,912,912,1,6,1.0,252.0,106031.79015027639
8,1980,1980,2014.0,2014,2014,2,6,3.0,864.0,285177.9831622399
7,1991,2008,975.0,975,1755,2,7,2.0,524.0,218736.15510309092
7,2004,2005,1376.0,1376,3005,2,9,3.0,704.0,308100.9490233606
6,2008,2008,1726.0,1726,1726,2,6,2.0,561.0,224671.6098248579
6,2008,2008,1145.0,1256,1256,1,5,2.0,641.0,194429.80945725157
6,2000,2000,756.0,756,1512,2,4,2.0,440.0,178422.76190965134
7,1999,1999,691.0,713,1452,2,6,2.0,506.0,194826.4143816866
8,1977,2008,1694.0,1694,1694,2,5,2.0,642.0,253453.00726258545
7,1981,1981,1740.0,1740,1740,1,7,2.0,540.0,236666.72258495004
8,1976,1976,392.0,1487,2499,2,5,2.0,527.0,257579.77020452847
7,1974,1974,752.0,1285,2067,2,7,2.0,784.0,223012.05229215603
6,1967,1997,932.0,1271,2640,2,8,2.0,515.0,235364.54680581787
5,1969,1969,1288.0,1336,1336,2,6,2.0,502.0,149986.30450608442
6,1969,1969,1216.0,1216,1216,1,5,1.0,336.0,154149.07249306887
7,1977,1992,908.0,1316,2288,1,8,2.0,520.0,246883.17268140824
5,1967,1967,864.0,864,864,1,5,1.0,312.0,105680.88115106244
5,1967,1967,1568.0,1568,1568,1,7,2.0,440.0,174286.84525564965
7,1974,1974,1165.0,1165,2061,2,8,2.0,498.0,223644.01599728502
6,1971,1971,1232.0,1320,1320,2,5,2.0,495.0,168428.63193743117
4,1960,1960,894.0,894,894,1,5,2.0,396.0,96682.2339879903
5,1959,1959,864.0,864,864,1,5,1.0,308.0,100855.87234682124
4,1957,1957,1040.0,1362,1362,1,6,3.0,768.0,143331.71601300105
5,1956,1956,1048.0,1728,1728,2,7,2.0,576.0,164608.53971381392
5,1961,1995,1313.0,1313,1313,1,6,2.0,610.0,163586.11717871786
5,1964,1964,1292.0,1292,1292,1,6,2.0,520.0,151770.44904342107
5,1965,1965,744.0,825,2140,2,7,2.0,549.0,171810.691543743
6,1961,1961,1208.0,1576,1576,1,7,2.0,368.0,184420.85285866004
5,1955,1955,960.0,960,960,1,5,1.0,330.0,106224.55912982346
6,1967,1967,1680.0,1691,1691,1,5,2.0,550.0,203943.73085997184
6,1961,1961,1453.0,1453,1453,2,6,2.0,530.0,175051.80865916703
6,1966,2008,1562.0,1567,1567,2,5,2.0,542.0,199739.9548831773
5,1956,1956,1169.0,1144,1144,1,6,1.0,286.0,121298.56613734714
7,1960,1960,1329.0,1329,1329,1,5,2.0,441.0,189980.45116152312
6,1959,1998,988.0,988,988,2,6,1.0,297.0,135499.1769185802
5,1956,1956,1202.0,1202,1202,1,6,1.0,304.0,125672.45122156013
5,1955,1955,1382.0,1382,1382,1,6,1.0,350.0,139680.16693861457
4,1956,1956,1200.0,1200,1200,1,6,1.0,294.0,105731.05711755855
5,1958,1958,1866.0,1866,1866,2,8,2.0,495.0,186055.71383912582
6,1954,1954,1062.0,1062,1062,1,6,1.0,297.0,133172.32298774063
5,1951,1951,631.0,1112,1112,1,5,2.0,480.0,121804.00482604466
5,1945,1950,793.0,793,793,1,4,1.0,240.0,87169.55930638895
5,1952,2005,1031.0,1031,1031,1,5,1.0,230.0,125227.84669120633
5,1953,1953,0.0,1210,1210,1,7,1.0,616.0,111126.17253461736
7,1948,1999,699.0,801,1527,1,6,2.0,410.0,191332.10794026311
5,1950,1950,1200.0,1200,1200,1,6,1.0,246.0,121124.64991626679
3,1958,1958,792.0,792,792,1,4,1.0,366.0,55748.21502783382
5,1939,2006,676.0,676,1352,2,7,2.0,720.0,138772.74092206056
4,1900,2003,405.0,717,1039,1,6,1.0,281.0,77939.28187672584
5,1925,1950,1054.0,1078,1078,1,6,1.0,264.0,104529.26021518745
4,1915,1950,1313.0,1313,2377,2,8,2.0,528.0,160535.2233641951
7,1910,2008,560.0,930,1690,2,5,2.0,624.0,186442.44116702722
2,1940,1950,416.0,599,599,1,4,0.0,0.0,-5659.577363151591
5,1920,1950,720.0,846,846,1,4,2.0,576.0,98393.23992764507
3,1890,1998,630.0,725,725,1,4,1.0,320.0,41958.54330290761
6,1969,1969,1248.0,1248,2544,2,12,3.0,907.0,245564.05353978928
6,1963,1963,1380.0,1380,1380,1,6,1.0,364.0,164136.42577779712
6,1967,1967,1040.0,1040,1040,1,6,2.0,480.0,153102.3532022112
6,1958,2007,951.0,951,951,1,6,2.0,480.0,156270.65747385495
6,1957,1957,1105.0,1105,1105,1,5,1.0,308.0,137995.47230324708
6,1958,1958,160.0,1142,1142,1,5,1.0,384.0,127740.80484031863
6,1950,1950,795.0,765,1133,1,5,2.0,900.0,145244.14047207613
5,1958,1958,1041.0,1041,1041,1,6,1.0,294.0,114240.61010942096
5,1952,1952,732.0,732,732,1,4,1.0,240.0,85037.61259197537
5,1959,1959,528.0,1183,1183,1,6,1.0,288.0,115897.97471607826
4,1949,1996,832.0,832,1461,2,6,1.0,384.0,112131.21110486379
6,1948,1994,864.0,1064,1495,1,6,2.0,576.0,177183.2185536998
6,1964,1964,780.0,993,1806,1,8,2.0,483.0,184492.65331444237
5,1978,1978,941.0,941,941,1,4,2.0,564.0,132611.81707957527
6,1963,1963,1045.0,1045,1045,1,6,1.0,264.0,136754.6369620175
6,1935,1998,901.0,861,1378,1,6,1.0,162.0,149659.89829423674
6,1910,1950,972.0,972,1944,2,12,2.0,324.0,166503.80530323694
5,1910,2003,240.0,810,1306,1,6,2.0,472.0,126084.65858784481
5,1910,2002,504.0,764,1464,2,7,0.0,0.0,100666.84722132282
5,1939,1950,690.0,868,1558,1,7,2.0,400.0,136710.1456105453
4,1920,1950,600.0,1101,1701,2,8,0.0,0.0,85600.80202259845
5,1910,1950,801.0,801,1447,1,6,0.0,0.0,95222.85374790593
5,1950,1970,768.0,768,1328,1,6,1.0,308.0,121719.95839262428
4,1920,1950,861.0,861,861,1,5,2.0,288.0,78209.4224819073
2,1940,1950,0.0,612,612,1,4,1.0,308.0,4533.262716077268
5,1923,1950,624.0,792,792,1,5,1.0,287.0,79492.76510858443
4,1910,1950,677.0,833,1510,2,7,2.0,720.0,103208.02073361003
6,1900,1950,917.0,1090,2007,2,8,1.0,357.0,154929.78205884877
6,1917,2007,624.0,664,1288,1,5,1.0,280.0,137305.20625160937
4,1910,1950,624.0,816,816,1,5,0.0,0.0,42341.93816169049
6,1920,1950,972.0,1044,1480,1,6,1.0,207.0,139566.32427419745
6,1910,2002,741.0,780,1521,1,8,3.0,640.0,177446.65162963653
3,1900,1950,245.0,797,797,1,5,0.0,0.0,12990.354825329967
6,1923,1950,1022.0,1432,1432,1,6,1.0,216.0,144571.69215931254
5,1930,1982,297.0,1001,1654,2,7,1.0,336.0,125459.37599314586
5,1924,1950,468.0,822,1142,1,6,1.0,320.0,95599.32922895113
5,1925,1999,960.0,995,995,1,5,1.0,264.0,112907.96475455002
5,1938,1950,952.0,994,1582,2,6,1.0,250.0,122267.44728540862
5,1925,1950,1072.0,1072,1072,1,5,5.0,1184.0,162163.71453353134
6,1915,1950,1048.0,1048,1768,2,8,2.0,576.0,163418.96721899882
7,1915,1994,672.0,1272,1944,2,8,1.0,216.0,186570.70807332592
5,1922,1950,1040.0,1088,2128,2,11,0.0,0.0,134135.34891105117
6,1927,1950,720.0,1146,1930,2,8,1.0,316.0,156081.46449097246
6,1915,2002,483.0,741,1427,1,7,1.0,379.0,143136.63870250015
7,1902,2000,1020.0,978,1864,2,9,0.0,0.0,168068.89781374065
6,1927,1950,1204.0,1204,1666,1,4,1.0,384.0,157856.87893107114
4,1923,1950,858.0,892,892,1,5,0.0,0.0,54268.66410832456
6,1915,1965,698.0,754,1403,1,7,1.0,308.0,132754.9543770214
4,1946,2001,560.0,704,704,1,4,1.0,220.0,74518.03156842897
5,1987,1988,1200.0,1200,1200,3,5,0.0,0.0,113867.8055209918
5,1978,1978,1152.0,1152,1152,2,6,1.0,252.0,126977.8827825312
5,1934,1950,585.0,687,1112,2,6,1.0,226.0,88262.77605225891
5,1967,1967,1052.0,1052,1052,1,6,1.0,668.0,125721.33030722756
6,1978,1978,456.0,1034,1034,1,5,2.0,504.0,150373.1226141909
5,1961,1961,552.0,904,1774,2,8,1.0,384.0,136900.0953059285
6,1960,1960,1138.0,1138,1138,1,6,2.0,480.0,156528.2529966
5,1956,1956,825.0,2071,2071,1,9,1.0,336.0,176098.4908489217
2,1947,1950,0.0,660,660,1,5,0.0,0.0,-5691.815398701699
4,1954,1954,0.0,1383,1383,1,6,2.0,498.0,112081.93316693441
5,1956,1956,1073.0,1073,1073,1,5,1.0,340.0,115722.94136934797
6,1946,1950,747.0,892,1639,1,6,1.0,240.0,149404.39482102357
5,1954,1954,1089.0,1089,1089,1,5,1.0,252.0,114532.98140671803
5,1984,1984,1049.0,1049,1049,2,5,1.0,266.0,122311.26022440125
7,1990,1991,1054.0,1061,1061,1,4,2.0,462.0,187134.60578992497
6,1983,1983,520.0,1338,1338,1,5,2.0,576.0,174323.2833686443
7,1993,1994,1079.0,1079,1879,2,8,2.0,473.0,223650.1347163429
5,1880,2007,0.0,1288,2016,1,7,2.0,576.0,158229.73933619075
5,1979,1979,0.0,1114,2228,2,8,2.0,720.0,180205.07568682195
5,1979,1979,0.0,1535,1535,2,8,2.0,400.0,148454.97047364176
5,1979,1979,1094.0,1229,1229,0,6,2.0,672.0,163132.87808240647
5,1979,1979,0.0,1513,1513,2,8,2.0,400.0,147080.50166917685
7,2000,2000,1168.0,1168,2787,4,8,4.0,820.0,286883.2943284295
7,2000,2000,1168.0,1168,2787,4,8,4.0,820.0,286883.2943284295
7,2000,2000,1168.0,1168,2787,4,8,4.0,820.0,286883.2943284295
9,2009,2009,1555.0,1680,1680,1,8,3.0,1138.0,306294.3526410477
9,2008,2008,1720.0,1720,1720,2,8,3.0,846.0,299373.14113022806
8,2008,2008,1468.0,1468,1468,2,6,3.0,904.0,260096.7265386444
8,2007,2008,1838.0,1838,1838,2,7,2.0,524.0,272299.02061218885
7,2007,2007,1282.0,1290,1290,2,6,2.0,662.0,211216.23004032648
8,2008,2008,1254.0,1254,1254,2,5,3.0,810.0,241727.26527734078
8,2005,2006,1498.0,1498,1498,2,7,3.0,844.0,260559.14310959424
6,2005,2006,704.0,704,1422,2,7,2.0,440.0,177221.5688965642
7,1992,1993,1449.0,944,1759,2,7,2.0,525.0,221190.89772996283
5,1994,1994,990.0,990,990,1,5,1.0,440.0,133346.09441238362
7,1998,1998,1463.0,1463,1463,2,5,2.0,539.0,217200.78421315085
6,1998,1998,928.0,928,1772,2,7,2.0,492.0,196890.5330006529
7,2002,2001,1431.0,1444,1444,2,6,2.0,577.0,218589.91047077975
7,2001,2001,1492.0,1492,1492,2,6,2.0,608.0,222662.54647852853
5,1978,1978,907.0,907,907,1,5,1.0,343.0,116008.15887244558
5,1979,1979,914.0,914,914,1,5,2.0,444.0,129879.73087694752
7,2002,2002,1569.0,1611,1611,2,6,3.0,1231.0,251931.32981789042
8,2003,2003,1068.0,1068,2184,2,8,2.0,570.0,264643.7031624941
7,2002,2002,840.0,840,1725,2,6,2.0,550.0,214430.39457432926
7,2001,2001,944.0,944,1870,2,6,2.0,608.0,224685.08568630228
8,1999,2000,1462.0,1513,1513,2,5,2.0,521.0,240612.8823057122
8,2002,2003,1822.0,1828,1828,2,7,2.0,523.0,268438.77730726614
7,1997,1998,1417.0,1417,1417,2,7,2.0,511.0,213866.91872944287
8,2007,2007,1578.0,1602,1602,2,7,3.0,810.0,268660.1932328702
6,2007,2007,608.0,608,1396,2,6,2.0,440.0,173566.21030903305
4,1960,1971,1014.0,1149,1149,1,7,1.0,544.0,109564.71476463764
6,2005,2006,547.0,1072,1072,1,5,2.0,525.0,170822.60223712912
4,1959,1959,876.0,876,876,1,5,1.0,320.0,82309.57155156392
5,1950,1950,1078.0,1368,1368,1,6,1.0,195.0,129065.56994065829
5,1959,1959,1678.0,1678,1678,2,10,0.0,0.0,143394.33713148092
5,1956,1956,1150.0,1560,1560,1,7,1.0,313.0,147836.29276001966
5,1941,1950,720.0,854,1298,1,6,1.0,256.0,111232.64128885139
5,1938,1950,832.0,832,1268,1,7,1.0,250.0,110686.54369405285
6,1935,1950,583.0,647,1242,1,6,1.0,180.0,120384.8043121777
6,1916,2000,816.0,1232,1232,1,6,2.0,440.0,157218.7390318988
7,1918,1990,600.0,628,1228,1,6,1.0,215.0,147652.3579478627
5,1940,1950,840.0,840,1567,1,6,2.0,440.0,139388.45371519704
5,1960,1960,1273.0,1273,1273,1,5,1.0,307.0,133150.12116330257
7,1940,1950,920.0,1240,2480,2,13,2.0,400.0,224949.28407101054
5,1954,1954,1112.0,1112,1112,1,6,1.0,390.0,118712.24150445103
6,1960,1960,1561.0,1561,1561,2,6,2.0,463.0,181886.76910701068
5,1949,2005,1067.0,986,1523,2,7,1.0,295.0,142551.16329883412
6,1954,1954,1310.0,1906,1906,1,6,2.0,576.0,204874.45159471733
6,1980,1980,516.0,516,1032,1,5,2.0,452.0,144178.48083638726
6,1980,1992,561.0,561,1229,1,5,2.0,462.0,158894.58567164233
6,1980,1980,561.0,561,1229,1,5,2.0,462.0,155114.87473044102
6,1986,1986,572.0,1182,1982,2,6,2.0,501.0,197802.53439973597
7,1971,2009,1803.0,2365,2365,2,7,2.0,551.0,275625.91009091074
5,1900,1993,760.0,928,2168,2,11,2.0,576.0,167624.17781933467
4,1925,1950,572.0,572,572,1,4,1.0,200.0,44203.329039666336
8,2007,2008,1596.0,1648,1648,2,5,2.0,482.0,255285.08737448114
2,1910,1950,0.0,810,810,1,4,1.0,280.0,8076.037299204618
8,2000,2001,1107.0,1040,2052,2,7,3.0,642.0,268879.8838478804
6,1977,1977,902.0,926,926,1,5,1.0,351.0,136281.9869235435
6,1977,1977,957.0,1287,1287,1,5,2.0,541.0,173649.23782286444
5,1991,1991,1582.0,1595,1595,2,5,2.0,672.0,185647.5335818038
9,2008,2008,2190.0,2036,2036,2,9,3.0,780.0,325718.9843289985
9,2008,2008,1641.0,1641,1641,2,7,3.0,885.0,293342.6488322308
6,1980,2006,712.0,1375,2237,2,7,2.0,440.0,219157.49240072188
7,1987,1989,1645.0,1479,1479,2,7,2.0,578.0,216471.05426713428
7,2003,2003,912.0,1072,2014,2,9,2.0,486.0,233806.44012685935
9,2007,2007,1978.0,1978,1978,2,7,3.0,920.0,319368.7247263917
5,1968,1968,1008.0,1008,1008,1,6,1.0,384.0,118909.32212214568
5,1969,2000,1188.0,1404,1404,2,7,2.0,504.0,162975.00801923568
5,1972,1972,796.0,796,796,1,4,1.0,336.0,103272.65151503775
6,1993,1996,384.0,1091,1091,1,5,1.0,429.0,150369.34023953835
5,1992,1993,828.0,883,883,1,5,2.0,698.0,138286.29762608837
5,1992,1992,624.0,624,1287,1,6,2.0,440.0,147411.15165955294
5,1969,1969,784.0,784,1632,1,7,2.0,898.0,161898.73161254544
6,1997,1998,926.0,926,1604,2,7,2.0,470.0,188165.23522606608
6,1995,1996,680.0,680,1470,2,7,2.0,420.0,172579.3577760707
6,1998,1998,926.0,926,1604,2,7,2.0,472.0,188474.49376030895
6,1996,1996,916.0,916,1636,2,7,2.0,386.0,187315.657165905
5,1996,1997,1348.0,1384,1384,2,7,2.0,404.0,169373.0461469686
8,1997,1997,1664.0,1682,1682,1,6,2.0,528.0,260458.75951011595
8,1992,1992,1280.0,1280,1280,2,5,2.0,506.0,218616.36930713896
6,1998,1998,932.0,932,1633,2,7,2.0,460.0,189876.43960480252
6,1991,1991,836.0,851,1709,2,7,2.0,416.0,186125.20961709484
8,1989,1989,1337.0,1337,1337,2,5,2.0,462.0,220628.47420107364
8,2005,2005,1168.0,1168,2500,3,9,3.0,683.0,290128.0474229774
9,2004,2004,1884.0,1884,1884,2,7,3.0,670.0,306774.011567442
6,1952,1952,1632.0,1474,1474,1,7,2.0,495.0,180856.18796367035
9,2007,2007,1710.0,1710,1710,2,6,2.0,557.0,281715.45394079085
6,1950,1950,1488.0,1488,1488,2,6,2.0,738.0,174135.60333086434
7,1988,1988,1675.0,1688,1688,2,6,2.0,528.0,228788.8755143853
7,1983,1983,1260.0,1260,1260,2,6,2.0,598.0,193803.84843315976
7,1978,1978,2048.0,2064,2064,2,7,2.0,550.0,252699.89064836758
7,1979,1979,1782.0,1782,1782,2,6,2.0,551.0,231231.8946790425
6,1976,1976,1211.0,1211,1211,2,6,2.0,461.0,164258.45836950722
7,1980,1988,738.0,1277,2044,2,7,2.0,489.0,223525.40124224476
5,1969,1969,720.0,720,1308,1,7,2.0,484.0,138612.4757103587
7,1978,1978,1420.0,1420,2840,2,8,4.0,1314.0,305094.24209694914
6,1976,1976,1444.0,1444,1444,2,5,2.0,473.0,182039.25323959393
8,1996,1996,1236.0,1236,2340,2,9,3.0,787.0,287739.3637383254
5,1974,1974,896.0,896,1792,2,8,2.0,480.0,163242.32767466689
4,1969,1969,936.0,936,936,1,4,1.0,288.0,92018.3571544236
5,1971,1971,864.0,864,864,1,5,2.0,576.0,123091.74453292624
6,1973,1973,483.0,483,987,1,5,1.0,264.0,122913.31547396467
6,1972,1972,483.0,483,987,1,5,1.0,352.0,123555.58175672567
5,1972,1972,630.0,630,1302,2,6,1.0,264.0,115399.05432543438
6,1975,1975,855.0,855,1456,2,7,2.0,460.0,165389.1552869198
7,1977,1977,1055.0,1055,1055,2,4,2.0,440.0,171201.08475804003
8,2007,2007,1582.0,1582,1582,2,7,3.0,905.0,268807.7786683375
8,2007,2007,2418.0,2464,2464,2,9,3.0,650.0,333821.2875219232
9,2007,2007,1950.0,1950,1950,2,7,3.0,706.0,314186.25895455875
9,2006,2006,1850.0,1850,2748,2,9,3.0,850.0,351937.2293398201
10,2005,2006,1620.0,1632,2790,2,10,4.0,1150.0,382703.25641178293
9,2005,2005,1414.0,1414,2331,2,9,3.0,1003.0,320601.8059175117
8,2007,2007,948.0,948,2088,2,10,3.0,656.0,272306.9812266729
8,2004,2004,1148.0,1170,2332,2,9,3.0,756.0,289411.1697349851
10,2003,2003,2535.0,2470,2470,1,7,3.0,789.0,381113.12471462623
8,2003,2004,1603.0,1575,1575,2,7,3.0,732.0,264182.8312229316
8,2001,2002,1479.0,1515,2649,2,10,3.0,746.0,313444.257414208
8,2003,2003,1765.0,1804,2690,2,9,3.0,795.0,324998.5508585116
9,2008,2008,1858.0,1866,1866,2,7,3.0,870.0,310456.68796195206
7,2005,2005,1367.0,1367,1367,2,6,2.0,484.0,213609.94770223135
9,2007,2008,1800.0,1800,1800,2,6,3.0,944.0,305766.05917611974
8,2006,2007,1342.0,1342,1342,2,6,2.0,550.0,233156.98013511347
8,2006,2007,1342.0,1342,1342,2,6,2.0,550.0,233156.98013511347
7,2003,2004,764.0,764,1626,2,6,2.0,474.0,207273.6371502839
7,2003,2003,1415.0,1455,1455,2,6,3.0,644.0,232201.52223728923
7,2004,2004,1393.0,1576,1576,2,7,3.0,668.0,240817.56451604213
7,2007,2008,1146.0,1246,1246,2,5,2.0,428.0,202987.2204295674
6,2004,2004,789.0,813,1515,2,8,2.0,393.0,183423.9434604277
7,2002,2003,840.0,840,1720,2,7,2.0,400.0,212848.15278841835
7,2003,2003,847.0,847,1986,2,9,2.0,434.0,227508.3806784139
7,2007,2008,1350.0,1358,1358,2,6,2.0,484.0,214298.7981292191
7,2000,2001,982.0,1008,1892,2,8,2.0,431.0,225372.94020221126
7,2002,2002,707.0,707,1414,2,6,2.0,403.0,193493.13086266327
7,1999,2000,1037.0,1037,2322,2,8,2.0,400.0,246256.5545161108
7,1999,1999,831.0,873,1651,2,7,2.0,450.0,208471.6000291207
8,1997,1997,1173.0,1182,2199,2,9,2.0,516.0,264705.9193234006
9,2000,2000,1519.0,1533,2172,2,8,3.0,687.0,308373.214189071
8,1998,1998,1982.0,2006,2006,2,5,3.0,938.0,295513.25198751874
7,1996,1997,1064.0,1064,2125,2,12,2.0,576.0,240086.77666061092
8,1995,1995,1242.0,1251,2501,2,9,3.0,751.0,294682.3065922025
7,1993,1994,1080.0,1108,2197,2,9,3.0,783.0,255496.845047283
7,2006,2006,1578.0,1578,1578,2,7,3.0,642.0,244554.9482735584
8,2007,2007,1341.0,1341,1861,3,7,3.0,851.0,267157.80168263614
8,2007,2008,955.0,955,1874,2,8,3.0,880.0,264785.62068971666
8,2006,2007,1460.0,1460,1460,2,6,2.0,480.0,241321.17405001982
8,2007,2008,1363.0,1372,1372,2,6,2.0,588.0,236478.35392793454
8,2007,2007,1660.0,1660,1660,2,7,3.0,660.0,271407.8915866967
7,2007,2008,1218.0,1218,1218,2,6,2.0,462.0,203254.64794520428
6,2003,2003,835.0,835,1696,2,7,2.0,542.0,194180.92486307467
7,2003,2004,835.0,835,1663,2,8,2.0,478.0,212108.55107994378
6,2005,2006,1175.0,1175,1175,1,6,0.0,0.0,157158.5710634198
7,2007,2007,1162.0,1162,1162,2,6,2.0,483.0,198893.17190330452
6,1995,1995,754.0,754,1609,2,6,2.0,525.0,182150.17927018553
6,1993,1994,886.0,886,1680,2,7,2.0,474.0,188311.77545220335
7,1994,1995,832.0,832,1657,2,6,2.0,483.0,205529.35823862348
6,2001,2001,827.0,827,1677,2,7,2.0,627.0,193035.8327856406
7,1992,1992,836.0,844,1737,2,7,2.0,506.0,208878.49857800454
5,1963,1963,984.0,984,984,1,5,1.0,384.0,113614.04386441084
5,1961,2007,864.0,864,864,1,5,1.0,420.0,118113.03405463602
5,1968,1968,890.0,890,890,1,5,1.0,308.0,108236.61866404675
5,1963,1963,864.0,864,864,1,5,1.0,276.0,102789.9209180728
6,1974,1974,1430.0,1430,1430,2,6,2.0,484.0,180370.32747717877
5,1972,1972,1001.0,1001,1641,2,5,2.0,490.0,156664.4902785204
6,1990,1991,930.0,1364,2683,2,9,2.0,473.0,243179.90877528628
9,1993,1994,1848.0,1827,2786,2,10,2.0,636.0,332099.2766578684
7,2004,2005,1235.0,1245,1245,2,5,2.0,495.0,203419.6685141127
6,2005,2005,600.0,600,1200,2,5,2.0,480.0,162825.617805528
7,2007,2007,689.0,703,1392,2,5,2.0,540.0,196561.2766440038
6,1999,1999,744.0,757,1549,2,6,2.0,440.0,180346.85253885319
9,2000,2000,1614.0,1638,1638,2,5,2.0,495.0,270272.3447033691
9,2001,2001,1310.0,1310,1310,1,5,2.0,545.0,253701.66771946428
9,2001,2001,1419.0,1419,1419,1,5,2.0,588.0,262758.1995051077
9,1999,2000,1557.0,1557,1557,2,5,2.0,484.0,263917.462598176
7,1999,2000,672.0,684,1404,2,5,2.0,462.0,191056.9865156049
7,2001,2001,858.0,872,1789,2,7,2.0,546.0,218040.51108543552
8,1999,1999,960.0,962,1586,2,7,2.0,480.0,228639.78910182253
8,1999,2000,960.0,962,1607,2,7,2.0,480.0,229964.22269182932
10,1998,1999,970.0,1469,2393,2,7,2.0,846.0,319046.9948152341
8,1995,1995,1230.0,1239,1239,1,4,2.0,477.0,223428.053774236
9,1977,1977,994.0,1599,2944,2,9,3.0,864.0,327761.72005494265
8,1976,2007,1426.0,1671,1671,3,6,2.0,550.0,239343.17651333916
7,2002,2002,952.0,952,1812,2,7,2.0,469.0,221226.80643741158
6,1969,1969,1427.0,1427,1427,2,7,2.0,516.0,178061.5447852821
6,1968,1968,1740.0,1740,1740,1,8,2.0,512.0,209331.89447643142
7,1967,1967,1620.0,1620,1620,2,8,2.0,578.0,212805.85810932308
5,1965,1965,1625.0,1625,1625,2,8,2.0,484.0,171387.3690423097
5,1968,1968,732.0,732,1464,1,7,2.0,470.0,145671.80221562483
5,1965,2005,912.0,925,925,1,5,2.0,576.0,136648.15603182954
5,1965,1965,1728.0,1728,1728,2,10,2.0,576.0,181576.1518430675
7,1971,1971,825.0,845,1670,1,7,2.0,464.0,199597.66045519616
5,1956,1956,0.0,1014,1014,1,6,1.0,267.0,95304.00266195368
5,1961,1961,1114.0,1114,1114,1,5,2.0,451.0,134755.8202055418
5,1960,2000,1118.0,1118,1118,1,6,1.0,264.0,133579.93297065562
4,1937,1950,348.0,453,906,1,5,1.0,231.0,59434.24206257006
5,1960,1960,1296.0,1496,1496,2,6,2.0,450.0,154006.3567210075
5,1950,2006,572.0,1337,1337,1,7,1.0,264.0,138571.9750775227
5,1953,1953,1036.0,1036,1036,1,5,1.0,312.0,110671.81632547709
6,1966,1999,1104.0,1104,1988,2,9,2.0,480.0,204518.03519495158
5,1957,1957,1176.0,1176,1176,1,6,1.0,292.0,124083.73799420125
5,1959,1998,1248.0,1440,1440,2,7,1.0,480.0,151037.48781795008
6,1958,1958,1395.0,1570,1570,1,5,2.0,441.0,185193.32314497675
5,1956,1958,1104.0,1104,1104,1,5,1.0,384.0,119375.68786216527
5,1952,1952,720.0,882,882,1,4,1.0,240.0,94228.26885403623
5,1953,1953,1152.0,1152,1152,1,6,2.0,636.0,135990.7955043139
5,1953,1953,984.0,950,950,1,5,2.0,400.0,117065.55527036544
6,1957,1957,998.0,1790,1790,2,6,2.0,540.0,187010.16012599622
5,1957,1982,0.0,1764,1764,2,7,1.0,301.0,144363.80997289182
5,1957,1957,1824.0,1824,1824,2,9,2.0,484.0,182502.28051162534
4,1948,1950,0.0,869,869,1,3,1.0,390.0,62829.62847748818
5,1925,1950,747.0,747,1159,1,5,1.0,288.0,98914.6502707894
4,1940,2005,672.0,672,672,1,4,1.0,308.0,75017.11789192748
5,1922,1950,892.0,1254,1436,1,7,4.0,1488.0,172603.23304957035
5,1968,1968,912.0,1044,1044,1,5,2.0,372.0,130401.28124711732
7,1958,2001,1312.0,1312,1312,1,6,2.0,495.0,202227.9874570293
6,1960,1993,1081.0,1081,1081,1,5,1.0,401.0,149625.8003530281
5,1951,1951,876.0,876,876,1,5,2.0,576.0,112100.3770327007
5,1959,1959,1256.0,1256,1256,1,6,1.0,311.0,131746.1717222249
5,1962,1962,1027.0,1027,1027,1,6,1.0,299.0,115609.82696078904
6,1948,1950,768.0,819,1320,2,5,2.0,576.0,142282.82215464674
6,1954,1954,936.0,984,984,1,4,1.0,280.0,125254.4700917839
6,1954,1954,854.0,854,1278,1,6,1.0,240.0,136624.1454861723
5,1961,1961,1800.0,1800,1800,2,10,0.0,0.0,154045.9112085651
5,1955,1967,768.0,1024,1588,1,6,2.0,480.0,152098.55574490526
5,1954,1954,825.0,825,825,1,4,1.0,350.0,94988.58750353544
5,1963,1963,1117.0,1117,1117,1,6,1.0,264.0,122691.63043883094
6,2008,2008,192.0,1133,1133,1,7,1.0,308.0,157303.3849453805
5,1948,2005,780.0,948,1323,1,6,2.0,400.0,147321.50133640552
5,1910,2003,680.0,680,1360,1,6,1.0,330.0,120124.34967443044
5,1940,1950,672.0,672,672,1,4,1.0,256.0,76607.28653440718
6,1915,2005,728.0,728,1456,1,7,1.0,308.0,147978.90714644664
4,1910,1996,828.0,828,1594,2,9,0.0,0.0,92089.8484512677
4,1940,1985,801.0,1095,1656,2,8,2.0,440.0,131839.42143977573
5,1920,1950,936.0,960,1740,1,6,1.0,225.0,130919.7651620442
7,1920,2006,931.0,1027,1027,1,5,0.0,0.0,139534.40450003068
6,1940,1950,884.0,884,1436,2,8,2.0,828.0,153201.45284224767
5,1910,1950,481.0,899,899,1,5,1.0,200.0,79145.31133211777
5,1890,1996,684.0,684,1080,1,5,0.0,0.0,82546.43296818691
5,1946,1950,904.0,904,1499,1,5,3.0,869.0,156586.7382394569
2,1946,1950,407.0,407,407,1,3,1.0,297.0,-1066.8753714640625
3,1949,1992,448.0,1588,1588,2,6,0.0,0.0,85723.51946221408
5,1900,2006,797.0,830,1627,2,10,2.0,420.0,142209.47500414983
7,1920,1965,624.0,730,1450,1,7,1.0,288.0,154323.7357054383
5,1900,2003,346.0,709,1017,1,5,1.0,308.0,95449.53973314469
5,1920,1960,973.0,1377,2350,2,10,2.0,393.0,178248.01219855342
5,1905,2005,572.0,884,1540,1,7,0.0,0.0,113812.33530386887
2,1920,1950,723.0,723,1086,1,5,2.0,400.0,47243.53937215125
7,1890,1999,1313.0,1313,2495,2,10,2.0,342.0,231840.67425652687
5,1959,1959,984.0,984,984,1,5,1.0,308.0,110160.19441863452
4,1958,2006,869.0,1093,1093,1,5,1.0,308.0,110115.2979099499
5,1928,1983,1008.0,1143,1143,1,5,1.0,288.0,119018.74021833087
7,1945,1950,672.0,1195,1668,1,8,1.0,252.0,174475.32768021896
5,1935,1950,1024.0,1144,1738,2,6,1.0,240.0,132027.5091543619
5,1941,2006,672.0,832,1210,1,6,1.0,240.0,123376.19878294016
6,1900,2000,554.0,736,1290,1,6,1.0,200.0,129728.81234717811
6,1940,1989,981.0,1014,1672,1,6,1.0,240.0,166869.7254673133
5,1924,2003,949.0,949,949,1,5,2.0,370.0,123650.29427177715
6,1937,2000,825.0,825,1497,2,5,1.0,672.0,154432.016465656
6,1939,1950,739.0,874,1342,2,7,1.0,240.0,126034.1559628013
6,1926,1950,992.0,1013,1013,1,6,1.0,160.0,117997.80146713741
5,1920,1997,565.0,565,1216,1,6,1.0,355.0,111086.78572813328
4,1946,1950,1046.1179698216736,896,896,1,4,1.0,280.0,78614.97362700338
4,1929,1950,704.0,624,1136,1,6,1.0,336.0,77997.76197347371
5,1945,1995,0.0,808,808,1,6,1.0,164.0,90176.34261011961
7,1939,1950,989.0,1245,2009,2,7,2.0,400.0,200414.87627890566
5,1923,1950,1100.0,1226,1902,2,7,2.0,576.0,155357.09253813862
6,1915,2004,810.0,1170,1716,2,8,2.0,672.0,177452.25826000678
6,1910,1983,1242.0,1242,1984,2,8,1.0,360.0,174156.0799951672
6,1910,1950,796.0,825,1609,1,7,1.0,228.0,137900.01930938754
6,1930,1950,768.0,768,768,1,4,2.0,440.0,114785.92823690572
6,1952,1952,768.0,768,1536,1,7,1.0,308.0,146710.62176672532
6,1938,1958,1272.0,1272,1969,2,9,2.0,400.0,186644.12094891956
5,1915,1978,880.0,880,1308,2,6,2.0,400.0,122145.73304349137
6,1925,1992,1040.0,1040,1040,1,5,2.0,320.0,146464.4391373624
6,1925,1950,768.0,788,1236,2,6,1.0,384.0,117773.4291214943
5,1912,1991,451.0,759,759,1,5,2.0,576.0,100025.72055766964
3,1915,1950,536.0,808,1344,2,8,0.0,0.0,42203.91359798424
5,1947,1993,1046.0,1054,1054,1,6,1.0,240.0,122300.09869866888
5,1963,1963,981.0,1075,1075,1,6,2.0,440.0,131807.60960937757
6,1978,1978,1008.0,1096,1096,1,6,2.0,484.0,162732.3546279401
5,1967,2005,992.0,992,992,1,6,1.0,294.0,127775.23977890029
6,1978,1978,450.0,1034,1034,1,6,2.0,504.0,150736.72555561154
5,1967,1967,1073.0,1073,1073,1,6,1.0,270.0,121748.83900256525
5,1984,1984,1060.0,1126,1126,1,5,2.0,506.0,149176.32401772006
5,1920,1950,1300.0,1140,1140,1,6,2.0,400.0,123927.25078014424
5,1963,2003,960.0,960,960,1,6,1.0,300.0,123624.11249038693
6,1956,1956,988.0,1188,1188,1,4,2.0,621.0,156084.91805706616
5,1960,1960,988.0,1721,1721,2,7,2.0,626.0,166355.57043703808
5,1941,1973,576.0,864,1350,1,6,3.0,627.0,146795.7644816218
5,1970,1970,864.0,904,904,1,5,3.0,912.0,141034.39276089147
7,1979,1979,1524.0,1524,1524,2,7,2.0,478.0,210654.2933278284
7,1948,1950,570.0,617,1079,1,5,1.0,249.0,135738.61729347985
5,1940,2007,1580.0,1518,1518,1,5,0.0,0.0,146630.15250612865
5,1956,1956,1509.0,1509,1509,1,6,1.0,322.0,149729.30866770353
5,1975,1975,864.0,864,864,1,4,0.0,0.0,94293.66662177723
6,1962,2001,621.0,621,1269,1,7,1.0,280.0,147395.4356024675
6,1995,2002,1077.0,1093,2814,2,9,2.0,614.0,254641.1900272558
7,1994,1994,1602.0,1626,1626,2,7,2.0,534.0,227930.91786692524
7,1993,1994,812.0,1101,2200,2,9,2.0,453.0,235548.81400058162
7,1996,1996,672.0,1302,2037,2,8,2.0,472.0,229787.47413374553
7,2007,2007,628.0,628,1356,2,6,2.0,484.0,192497.54375970457
8,2007,2007,1615.0,1615,1615,2,7,3.0,864.0,270789.50579497986
9,2008,2008,2271.0,2276,2276,2,7,3.0,1348.0,349018.161621002
9,2008,2008,1751.0,1766,1766,2,8,3.0,874.0,303107.9179356233
8,1995,1995,1401.0,1511,1511,2,6,3.0,811.0,252716.27017466328
6,1966,1966,1182.0,1643,1643,2,6,2.0,438.0,184526.72175677982
5,1994,1994,990.0,990,990,1,5,2.0,528.0,145895.8853165037
7,1997,1998,1418.0,1418,1418,2,5,2.0,558.0,213697.92173869093
6,1997,1997,864.0,872,1771,2,6,2.0,600.0,195541.59943503048
7,2000,2000,782.0,782,1652,2,6,2.0,532.0,207766.78425771557
7,2000,2001,928.0,928,1823,2,6,2.0,626.0,221926.54367147596
5,1978,1978,864.0,1174,1174,1,5,2.0,528.0,145956.42234718078
5,1975,1975,1076.0,1076,1076,1,5,2.0,576.0,141913.74013461126
5,1975,2001,864.0,1558,1558,2,5,2.0,440.0,167909.90677496605
7,2001,2001,1257.0,1290,2161,2,8,2.0,570.0,248744.92764915037
9,2001,2002,1357.0,1366,1947,2,7,3.0,725.0,293703.8208826722
8,2002,2003,1778.0,1786,1786,2,6,3.0,715.0,278711.4831979433
7,2003,2003,1129.0,1129,2327,2,9,2.0,596.0,254489.3342406843
8,1999,2000,850.0,886,1764,2,7,2.0,560.0,235885.39156682463
6,2004,2004,848.0,848,848,1,3,2.0,420.0,158064.54177726922
6,1997,1998,1838.0,1838,1838,2,8,3.0,721.0,241584.54915142176
7,2004,2004,1445.0,1445,1445,2,6,2.0,470.0,218864.65583906416
7,2007,2007,1564.0,1564,1564,2,6,3.0,814.0,246031.9937156802
7,2007,2007,1351.0,1361,1361,2,6,2.0,610.0,215959.41096449317
5,1966,1966,1092.0,1092,1092,1,6,1.0,264.0,122541.49996331404
5,1976,1976,456.0,1033,1033,1,6,2.0,504.0,129926.83093894809
6,1976,1976,1127.0,1127,1127,1,6,2.0,480.0,165212.7965726091
6,1977,1977,1029.0,1117,1117,1,6,2.0,542.0,164580.71036367794
6,1976,2001,684.0,684,1398,1,6,2.0,440.0,172497.4105657034
5,1959,1996,0.0,3820,3820,3,11,2.0,624.0,288258.6876655908
4,1955,1955,0.0,1152,1152,2,6,0.0,0.0,61415.26945695048
4,1955,1955,0.0,1152,1152,2,6,0.0,0.0,61415.26945695025
4,1955,1955,784.0,784,784,1,4,0.0,0.0,56523.38576688734
5,1938,2007,585.0,585,1053,1,5,0.0,0.0,95289.5755753119
5,1947,1993,0.0,929,1137,1,8,0.0,0.0,94955.28273887723
4,1953,1953,911.0,930,930,1,5,1.0,286.0,82155.37765297177
4,1954,1954,416.0,1204,1204,1,6,1.0,312.0,93234.91329846997
4,1923,2008,949.0,949,1292,1,6,1.0,205.0,108606.88001310383
7,1921,1950,1228.0,1424,1424,2,7,1.0,312.0,160862.55716874567
6,1930,1950,960.0,960,1920,2,10,2.0,480.0,171906.16170596052
6,1926,1950,644.0,672,1316,1,6,1.0,369.0,125350.39671161957
6,1914,1995,676.0,676,1264,1,6,2.0,400.0,145938.55911133508
8,1925,1997,798.0,798,1512,2,7,1.0,180.0,183314.75278574647
6,1923,1950,784.0,819,1603,1,7,2.0,599.0,157531.15727213048
5,1937,1995,942.0,1265,1938,2,7,1.0,240.0,157339.74599249405
5,1938,1950,884.0,932,1374,1,6,1.0,225.0,117199.90442474675
6,1951,1951,1091.0,1091,1091,1,5,1.0,344.0,133840.02844082168
8,1935,1950,608.0,983,1873,1,9,2.0,786.0,216425.96997099114
7,1950,2000,832.0,1218,2161,2,8,2.0,506.0,225754.67838562373
5,1956,1956,1898.0,1898,1898,2,7,2.0,484.0,186735.92797083152
6,1980,1980,516.0,516,1032,1,5,2.0,462.0,144319.20313958405
6,1926,1998,894.0,919,919,1,5,1.0,195.0,125806.58310362231
6,1940,2006,720.0,760,1090,1,5,1.0,240.0,136204.01498202956
5,1930,1950,780.0,780,1200,1,7,0.0,0.0,88807.15537953936
5,1967,1967,624.0,1092,1656,1,7,1.0,288.0,143992.28040778893
5,1930,1995,520.0,912,912,1,5,1.0,360.0,102592.59813472186
5,1958,1958,1151.0,1151,1955,2,7,1.0,356.0,155543.83118024026
1,1952,1952,0.0,733,733,1,4,2.0,487.0,10280.925944346702
4,1895,1950,173.0,825,1361,1,6,1.0,185.0,72029.34311873117
4,1910,2000,356.0,671,1049,1,5,1.0,195.0,77221.36901367619
4,1920,1950,592.0,432,864,1,5,1.0,216.0,55797.448382633505
8,2007,2008,1596.0,1648,1648,2,5,2.0,525.0,255890.193278227
7,2004,2005,1594.0,1646,1646,2,5,2.0,482.0,233696.14561756537
7,1996,1997,1840.0,2032,2032,3,7,3.0,786.0,266045.2348555112
7,1996,1997,910.0,910,1820,2,8,3.0,816.0,233760.6628477336
5,1976,1976,0.0,936,1872,2,8,2.0,484.0,155418.7016716369
4,1991,1991,1680.0,1689,1689,2,6,2.0,432.0,170427.188728316
7,1986,1986,1277.0,1501,1501,2,6,2.0,512.0,209694.61033892934
8,2006,2007,1518.0,1537,1537,2,8,3.0,788.0,263558.91369910585
8,2007,2007,920.0,920,1780,2,6,2.0,612.0,242930.06859724643
5,2006,2007,352.0,712,1442,2,6,2.0,400.0,152930.6685774543
7,2008,2008,796.0,796,1612,2,6,3.0,666.0,224222.37356574065
6,1989,1989,1495.0,1495,1495,2,8,2.0,438.0,194612.12361830263
6,1986,1986,1256.0,1256,1256,2,6,2.0,578.0,175354.92994754226
8,2003,2003,1432.0,1440,1440,2,7,2.0,467.0,237817.75145907095
6,1999,2000,1666.0,1675,1675,2,6,2.0,435.0,213758.79650484188
8,2007,2007,1884.0,1728,1728,2,7,2.0,520.0,265748.1792325869
8,2005,2006,1964.0,1964,1964,2,7,3.0,892.0,297366.3942104806
7,1997,1998,1344.0,1344,1344,2,8,4.0,784.0,235125.34153485927
5,2007,2008,1092.0,1092,1092,1,5,0.0,0.0,131815.69791836082
6,1997,1997,1189.0,1189,1189,2,4,2.0,392.0,173191.64395735296
4,1964,1964,1200.0,1200,1200,1,6,3.0,850.0,140946.80633023707
5,1975,1975,1040.0,1040,1040,1,6,2.0,499.0,138492.84569497313
5,1976,1976,550.0,925,1475,2,6,1.0,336.0,130157.71058293455
4,1973,2006,526.0,526,988,1,5,1.0,297.0,95795.83801618777
4,1973,1973,462.0,526,988,1,4,1.0,297.0,83983.81861029495
5,1968,1968,1113.0,1160,1160,1,6,1.0,257.0,128199.79585755966
6,1970,2007,546.0,546,1092,2,6,0.0,0.0,117910.30789624667
5,1983,1983,816.0,816,816,1,4,1.0,264.0,110367.16111639701
5,1982,2005,845.0,845,845,1,6,1.0,264.0,120171.9894353922
5,1984,1984,864.0,889,889,1,6,2.0,484.0,131562.1294385614
5,1900,1950,686.0,1150,1836,2,7,1.0,288.0,123024.85376690282
6,1971,1971,1587.0,1587,1587,2,7,2.0,525.0,191786.13759131776
6,1997,1997,384.0,754,1384,2,7,2.0,390.0,165508.69395196903
6,1994,1994,392.0,924,1694,2,7,2.0,398.0,181304.0963007114
6,1999,2000,923.0,947,1714,2,7,2.0,451.0,194635.0330621067
7,1996,1996,691.0,691,1553,2,6,2.0,420.0,196366.0016433096
6,1999,2003,938.0,957,2299,3,7,2.0,482.0,217306.7822637281
7,1992,1993,1168.0,1187,1187,2,6,2.0,420.0,191032.50486818748
6,1993,1994,903.0,910,1642,2,7,2.0,392.0,185932.99222126557
6,1964,1964,1302.0,1128,1128,1,6,2.0,480.0,160757.72104333667
8,1988,1988,1166.0,1179,1179,2,5,2.0,480.0,207839.21152085275
8,1990,1990,1312.0,1321,1321,1,4,2.0,484.0,226904.06287536141
8,2005,2005,1149.0,1164,2541,3,10,3.0,729.0,292856.4110236205
9,2006,2007,2660.0,2338,2338,2,8,3.0,1110.0,354977.6368758655
5,1969,1990,1100.0,1424,1424,1,7,3.0,828.0,182820.3002319266
9,2006,2006,1612.0,1612,1612,2,6,2.0,556.0,273506.76203311956
8,2006,2006,2220.0,2234,2234,1,7,2.0,724.0,311895.81261803396
10,2006,2007,1742.0,2042,2042,2,8,3.0,724.0,336873.2735428836
6,1984,1984,1284.0,1284,1284,2,5,2.0,480.0,174500.71597237606
7,1981,2003,725.0,725,1479,2,6,2.0,484.0,192699.4726181482
7,1978,1985,1529.0,1664,1664,2,7,2.0,663.0,223688.31781132543
7,1979,1979,780.0,1085,1930,2,9,2.0,481.0,213591.4309006941
6,1984,1984,1153.0,1177,1177,2,6,2.0,495.0,166507.9655959243
6,1979,1999,1259.0,1353,1353,2,5,2.0,478.0,181725.969734943
6,1971,1971,1625.0,1220,1220,2,6,2.0,944.0,174872.0856617086
7,1976,1976,1228.0,1324,1324,2,5,2.0,585.0,192510.84512825473
6,1974,1974,1084.0,1084,1877,2,8,2.0,488.0,192626.1269646394
5,1970,1990,925.0,1422,1422,1,7,2.0,576.0,165483.2974790635
5,1970,2002,914.0,914,914,1,5,1.0,368.0,122213.22604486695
4,1961,1961,914.0,914,914,1,4,1.0,270.0,85290.54474587413
6,2001,2001,1337.0,1337,1337,2,5,2.0,511.0,189179.89377863263
6,1997,1998,1405.0,1337,1337,2,5,2.0,522.0,188289.39533357043
6,1973,1973,525.0,525,1092,1,6,1.0,264.0,129652.16515034018
6,1973,1973,672.0,672,1218,1,7,1.0,264.0,140494.46592659247
7,1978,1978,1061.0,1055,1055,2,4,1.0,319.0,158873.36121384124
5,1966,1966,988.0,988,988,1,5,1.0,360.0,115374.72436191002
9,2006,2007,1790.0,1816,1816,2,7,3.0,730.0,303461.4878696678
8,2006,2007,1694.0,1694,1694,2,7,3.0,856.0,276521.1592427625
8,2007,2007,2108.0,2122,2122,2,7,3.0,938.0,310930.7693168137
9,2007,2007,1934.0,1943,2656,2,8,3.0,1040.0,352935.5458612514
8,2006,2007,1108.0,1148,2550,2,11,3.0,670.0,300175.82551779365
10,2005,2006,1994.0,2046,2046,2,7,3.0,878.0,342035.40748342476
9,2007,2007,2552.0,2552,2552,2,8,3.0,932.0,364497.22931692284
9,2005,2006,1704.0,1722,2758,2,9,3.0,814.0,347587.4008679071
10,2007,2007,2320.0,2290,2290,2,7,3.0,1174.0,367231.71325607924
8,2007,2008,1582.0,1582,2152,2,7,2.0,728.0,282720.10072975955
8,2007,2007,918.0,958,2100,2,8,3.0,786.0,273497.5358336705
9,2006,2006,1802.0,1802,1802,2,7,3.0,843.0,304042.7339677466
8,2004,2004,1706.0,1718,2956,2,11,3.0,916.0,338864.26891258615
8,2003,2003,1317.0,1217,2385,2,7,3.0,818.0,294549.5793143881
8,2007,2007,895.0,895,1818,2,8,3.0,774.0,258519.10498115607
7,2005,2006,1614.0,1614,1614,2,7,3.0,878.0,250386.17717694142
8,2005,2005,1721.0,1721,1721,2,7,2.0,554.0,262142.31761925342
8,2006,2007,1298.0,1298,1828,2,7,3.0,876.0,271575.13003441715
6,2005,2006,1302.0,1302,1302,1,5,2.0,631.0,198054.12794325966
6,2005,2006,1302.0,1302,1302,1,5,2.0,631.0,198054.12794325966
6,2005,2006,1362.0,1362,1362,2,6,2.0,460.0,193553.9102337258
8,2006,2006,1554.0,1554,1554,2,6,2.0,627.0,250363.20161816548
9,2005,2005,1577.0,1577,1577,2,6,2.0,564.0,270309.4892860276
8,2006,2006,1324.0,1324,1324,2,6,2.0,550.0,231446.3559125748
7,2003,2003,1405.0,1405,1405,2,6,2.0,478.0,215279.70300564682
6,2007,2007,768.0,768,1496,3,7,2.0,572.0,178199.31531790015
6,2005,2006,768.0,768,1536,2,6,2.0,400.0,183570.4915346997
7,2006,2007,608.0,608,1458,2,6,2.0,454.0,196108.01084764977
6,2006,2006,738.0,738,1495,2,7,2.0,440.0,182013.614673913
6,2006,2007,698.0,698,1746,2,6,3.0,350.0,202806.31914138352
6,2005,2005,1326.0,1326,1326,2,6,2.0,388.0,189434.43711739872
6,2007,2007,752.0,752,1504,2,6,2.0,440.0,183000.8979182269
7,2007,2007,728.0,728,1456,2,7,2.0,400.0,199523.04205588414
7,2007,2007,1246.0,1258,1258,2,6,2.0,462.0,205860.3907738414
8,2003,2003,1406.0,1589,1589,2,7,3.0,630.0,260340.297769245
7,2007,2007,1266.0,1266,1266,2,6,2.0,388.0,205620.05581850722
7,2004,2005,835.0,1119,1119,2,5,2.0,437.0,188707.45645059086
7,2004,2004,384.0,744,1374,2,8,2.0,400.0,189296.85128806904
7,2006,2006,1510.0,1525,1525,2,6,2.0,534.0,226934.43749372242
7,2003,2003,384.0,754,1394,2,7,2.0,400.0,189352.25006615743
7,2003,2003,847.0,847,1948,2,8,2.0,434.0,225227.77905841125
7,2002,2002,854.0,864,1995,2,8,2.0,435.0,227255.3543691861
6,2000,2000,915.0,940,1690,2,7,2.0,442.0,193414.5047542192
6,1999,2000,941.0,961,1644,2,7,2.0,460.0,191869.59731380246
8,1997,1998,1779.0,1779,2551,2,8,3.0,925.0,316281.4456791717
9,1998,1998,1408.0,1671,3078,2,9,3.0,806.0,353176.8928344494
8,1998,1999,1389.0,1411,2582,2,9,3.0,758.0,305296.5550753067
7,1998,1998,1066.0,1108,2385,2,8,3.0,600.0,263959.3444130225
8,1992,1993,1105.0,1105,2202,2,9,2.0,517.0,260065.33873183373
8,1996,1997,1325.0,1335,2538,2,8,3.0,933.0,301939.25735602505
7,2007,2007,1369.0,1369,1369,2,5,2.0,605.0,216205.97565966193
8,2007,2007,1542.0,1542,1542,2,6,3.0,852.0,264506.54585426976
8,2006,2006,1524.0,1534,1534,2,7,2.0,484.0,247103.51462850347
10,2007,2007,1966.0,1966,1966,2,6,3.0,1092.0,340050.3519839479
7,2007,2007,1528.0,1528,1528,3,6,2.0,480.0,220029.14625407918
8,2005,2005,1538.0,1538,1538,2,7,2.0,484.0,246968.17033736059
7,2005,2006,1494.0,1506,1506,2,7,2.0,672.0,227621.25128026772
7,2006,2006,982.0,982,1977,2,7,3.0,574.0,245215.6365050855
8,2006,2006,1302.0,1302,1830,2,7,3.0,859.0,271234.9314497772
8,2007,2007,1338.0,1338,1338,2,6,2.0,598.0,233803.41719500092
7,2006,2007,1335.0,1335,1335,2,6,2.0,575.0,213320.43400597502
8,2007,2007,896.0,896,1792,2,8,2.0,590.0,243398.0418258754
5,2007,2007,725.0,725,1588,3,8,2.0,561.0,162008.20698091574
8,2007,2007,955.0,955,1880,2,8,3.0,880.0,264759.0612574471
8,2007,2007,1574.0,1584,1584,2,6,2.0,594.0,252670.38689577277
8,2006,2006,1685.0,1685,1685,2,5,3.0,658.0,271814.1297392729
6,2004,2004,1158.0,1158,2443,2,9,3.0,744.0,255264.53263647715
6,2006,2007,1100.0,1100,1100,1,6,0.0,0.0,151939.45975390682
7,2006,2006,1143.0,1143,1143,1,5,0.0,0.0,174150.16843429348
5,2003,2004,1094.0,1094,1094,1,6,2.0,576.0,160768.84786403994
7,2006,2006,1461.0,1486,1486,2,7,2.0,566.0,224664.2064819662
6,1993,1997,864.0,920,1820,2,7,2.0,492.0,196398.2166237852
6,1980,1980,630.0,630,1266,1,5,1.0,283.0,145096.2748345388
5,1977,1977,894.0,894,894,1,5,1.0,308.0,113911.57260144036
5,1968,1968,1040.0,1040,1040,1,5,2.0,686.0,136497.75895063882
7,1990,1990,1223.0,1271,2503,2,7,2.0,564.0,257303.5119289267
5,1974,1974,1037.0,1037,1037,1,5,2.0,431.0,136253.27207954903
6,1973,2006,1044.0,1055,1055,1,5,2.0,542.0,168488.99103732826
8,2004,2004,1378.0,1378,1378,2,6,2.0,540.0,234300.39857095364
8,2006,2007,1141.0,1151,1151,2,5,2.0,484.0,216814.26809469098
8,2006,2007,1511.0,1565,1565,2,5,2.0,476.0,248138.95424915524
7,2006,2007,1352.0,1352,1352,2,5,2.0,466.0,212650.7092781167
8,2006,2007,1550.0,1550,1550,2,5,2.0,528.0,248520.91874270327
6,1999,1999,744.0,757,1501,2,6,2.0,440.0,178039.52070287615
6,2000,2000,756.0,769,1573,2,4,2.0,440.0,181542.2798573575
7,1999,2000,1339.0,1358,1358,2,5,2.0,625.0,210894.63701712573
8,2003,2004,1054.0,1072,2048,2,8,2.0,552.0,258014.72221733374
8,1998,1998,1220.0,1220,2362,2,8,2.0,1105.0,282227.17582545197
8,1994,1995,1494.0,1494,1494,1,5,2.0,478.0,243522.20171272685
7,1980,1980,2002.0,2362,2362,2,8,2.0,546.0,272214.7828536078
8,1981,1981,2461.0,2497,2497,2,7,2.0,676.0,309178.75361649157
6,1968,1968,912.0,1152,1152,1,7,2.0,412.0,158265.09037204832
6,1970,1970,1008.0,1403,2411,2,8,2.0,570.0,220515.8390714908
6,1969,1969,973.0,1082,1082,1,6,2.0,480.0,155909.4881837659
6,1968,1968,1295.0,1295,1295,1,6,2.0,528.0,174145.59464552952
7,1972,1987,1124.0,1610,1610,2,8,2.0,515.0,211529.79704676778
7,1993,1993,1594.0,1594,1594,2,6,2.0,472.0,223888.6770331317
7,1993,1993,1148.0,1091,2075,2,8,2.0,473.0,233968.79231312103
6,1966,1966,1093.0,1093,1093,2,6,2.0,484.0,149471.969775873
6,1963,1963,1052.0,1052,1052,1,6,1.0,311.0,137958.78390789777
5,1967,1993,949.0,1107,1107,1,5,1.0,308.0,130275.7124535027
4,1964,1964,0.0,1224,1224,2,8,3.0,530.0,113578.85467760358
5,1956,1956,894.0,1074,1074,1,6,2.0,396.0,125643.09158401773
5,1961,1961,864.0,1187,1187,1,6,2.0,440.0,135850.6863560041
5,1961,1961,964.0,964,964,1,5,2.0,784.0,127811.4703122261
5,1960,1960,894.0,894,894,1,5,1.0,312.0,103834.33177142357
7,1966,1966,1174.0,1200,1200,2,6,2.0,440.0,176403.181030015
6,1965,1965,1042.0,1042,1042,2,5,2.0,440.0,143848.40085939574
6,1964,1997,845.0,845,2154,2,8,2.0,539.0,204049.82505593286
6,1964,1964,1130.0,1374,1374,1,7,1.0,286.0,159948.94995708764
6,1959,1991,1592.0,1652,1652,1,6,2.0,510.0,205383.462220622
5,1940,1996,822.0,908,908,1,4,2.0,512.0,123013.4301716336
3,1946,1950,666.0,666,666,1,4,0.0,0.0,23623.629742063582
3,1945,1950,370.0,442,670,1,4,0.0,0.0,15849.942320762668
5,1958,2000,808.0,808,808,1,5,1.0,308.0,109146.75368880853
5,1955,1955,1078.0,1150,1150,1,6,1.0,288.0,119735.00095208641
5,1968,1968,1560.0,1560,1560,2,8,3.0,792.0,183781.47945063678
5,1966,1966,793.0,1280,1280,2,6,2.0,432.0,136259.5501159171
6,1961,1961,1218.0,1254,1254,1,6,2.0,525.0,166209.60549850715
6,1957,1999,936.0,936,936,1,4,1.0,315.0,137765.415375364
5,1956,1956,1008.0,1008,1008,1,6,1.0,308.0,110686.75279340707
5,1963,1963,1053.0,1053,1053,1,6,2.0,692.0,135063.6745466725
5,1960,1960,1144.0,1144,1144,1,6,1.0,336.0,124010.03353189421
6,1957,1969,1331.0,1721,1721,1,8,2.0,464.0,198532.500813663
5,1957,1957,922.0,922,922,1,5,1.0,308.0,104160.78137745685
5,1955,1975,1204.0,1411,1411,1,7,1.0,310.0,145001.85073741456
5,1955,1955,1216.0,1216,1216,1,5,1.0,336.0,126158.21293160971
5,1953,2006,864.0,1154,1154,1,6,1.0,336.0,132939.04000074766
5,1958,1958,1560.0,1560,1560,2,8,2.0,484.0,162174.8980224852
6,1952,1952,948.0,948,948,1,5,2.0,410.0,135588.66979436832
6,1953,1953,1040.0,1040,1040,1,6,1.0,293.0,130814.15170125896
5,1956,2003,925.0,925,925,1,5,1.0,252.0,117813.12239901815
4,1955,1955,1190.0,1040,1540,1,7,1.0,352.0,120293.08864709735
5,1955,1955,923.0,925,925,1,5,1.0,390.0,104325.01201969129
4,1953,1953,1105.0,1647,1647,1,6,1.0,280.0,130241.7675704239
5,1952,1952,924.0,924,924,1,6,1.0,420.0,103365.45719745941
4,1890,2006,925.0,1000,1544,2,7,0.0,0.0,90244.67130327597
5,1953,2004,1216.0,1216,1728,1,7,1.0,371.0,167041.79993895814
5,1935,2007,666.0,1308,3086,3,9,3.0,1200.0,242043.93426138652
4,1925,1993,1151.0,845,1281,2,6,2.0,580.0,114848.11857912317
5,1895,1999,736.0,751,1534,1,6,0.0,0.0,108922.76863460173
7,1963,1999,725.0,1035,1651,2,6,1.0,276.0,184874.9930473091
5,1961,1961,920.0,888,888,1,5,1.0,240.0,103433.9302707212
6,1968,1968,952.0,952,952,1,5,1.0,288.0,132408.00689436472
5,1950,1950,864.0,1238,1238,1,6,1.0,357.0,120000.53535657772
5,1959,2003,1040.0,1040,1040,1,6,1.0,286.0,128505.52635270637
5,1958,1958,1170.0,1170,1170,1,6,1.0,338.0,124861.9344706859
5,1960,1960,1242.0,1242,1242,1,6,1.0,324.0,131439.69646003935
5,1960,1960,1377.0,1377,1377,1,6,1.0,351.0,142287.0090094607
5,1961,1961,0.0,925,925,1,7,1.0,300.0,93642.44903326686
5,1962,1962,864.0,864,864,1,5,1.0,294.0,102447.13107845676
5,1962,1962,896.0,936,936,1,6,1.0,288.0,107796.8483554793
5,1926,1980,850.0,960,960,1,5,2.0,576.0,119063.23420728021
6,1927,1950,845.0,866,1296,1,6,2.0,576.0,144716.4511490357
5,1922,1950,1022.0,1022,1022,1,4,1.0,184.0,97671.63866931596
5,1920,1990,967.0,967,967,1,5,1.0,180.0,105841.6410384404
5,1940,1950,808.0,1072,1072,1,5,2.0,379.0,117142.09341787174
5,1900,2006,680.0,680,1174,1,6,2.0,576.0,124090.42910391279
4,1900,1950,570.0,761,1141,1,6,1.0,252.0,68859.35426647519
4,1900,1950,1075.0,1156,1798,2,7,2.0,342.0,119568.79323838907
8,1910,1999,725.0,909,1772,2,7,2.0,816.0,212987.13721205946
6,1927,1950,728.0,914,1642,1,9,1.0,374.0,147485.80489986134
5,1910,1950,616.0,616,1232,1,6,2.0,480.0,108814.14798179548
6,1910,1990,926.0,991,1650,2,6,2.0,468.0,163854.0068581677
5,1930,2005,687.0,687,1358,1,6,1.0,336.0,126571.14375356329
7,1879,1987,819.0,1312,2454,2,8,2.0,576.0,217928.70989946742
4,1956,1956,0.0,968,968,1,5,1.0,331.0,73231.1724011905
4,1949,2002,0.0,1382,1382,2,6,1.0,384.0,105617.07053924375
5,1925,1994,756.0,916,1060,1,6,1.0,308.0,111320.35707570147
5,1950,1950,910.0,910,1435,1,6,1.0,308.0,124748.12514520204
5,1939,1998,728.0,728,1274,2,6,1.0,224.0,115290.5580122068
6,1939,1950,600.0,608,1232,1,6,1.0,217.0,121243.41054025199
5,1939,1950,884.0,884,884,1,5,1.0,240.0,92992.61635241332
6,1938,1950,861.0,861,1409,1,6,2.0,528.0,152734.01299329917
5,1939,1952,672.0,899,1322,1,7,1.0,280.0,113171.13039400731
5,1930,1992,966.0,1014,1426,1,6,1.0,230.0,133166.21229997417
5,1926,1950,756.0,903,1281,1,6,2.0,379.0,120489.15060891141
6,1918,1995,1100.0,1100,2264,2,8,1.0,408.0,190135.34852019255
6,1920,1950,768.0,752,1376,1,7,2.0,576.0,144246.20276563335
5,1926,1950,750.0,960,1316,1,7,2.0,576.0,126128.57955247746
7,1929,1990,672.0,672,1344,1,6,2.0,456.0,172741.7219646296
5,1901,1950,592.0,933,1173,2,7,1.0,240.0,86218.62671890156
5,1901,1950,969.0,969,1214,1,6,1.0,216.0,100794.07965799351
6,1963,1963,741.0,1497,2294,3,9,2.0,658.0,202544.55883999518
7,1950,2005,976.0,976,1952,1,8,1.0,299.0,208940.9601001183
6,1915,1950,1138.0,1138,2180,1,7,2.0,720.0,194647.98836601386
4,1958,1958,808.0,838,1315,2,5,2.0,436.0,106988.24023041269
4,1910,1950,771.0,866,1484,2,6,1.0,264.0,85666.94825687562
7,1937,1980,1005.0,1262,2267,1,7,2.0,498.0,230768.77605745126
5,1942,1979,672.0,778,1282,1,4,1.0,240.0,116928.08531882497
5,1963,1963,925.0,999,999,1,6,1.0,308.0,113047.10650937748
5,1964,1980,1420.0,1452,1452,1,6,2.0,572.0,169465.6571701956
4,1964,1964,1005.0,1005,1005,1,5,2.0,440.0,108292.26997996448
5,1964,2001,980.0,1020,1020,2,5,2.0,528.0,134190.9772307519
5,1966,1966,1040.0,1040,1040,1,6,1.0,264.0,118509.62706552795
5,1971,1990,768.0,868,868,1,6,2.0,576.0,128334.37859040545
5,1968,1968,876.0,897,897,1,5,1.0,264.0,107843.92923798645
5,1967,1967,943.0,943,943,1,5,2.0,528.0,126157.26290004444
5,1966,1966,912.0,912,912,1,6,1.0,315.0,109302.70060189697
5,1956,1998,1240.0,1375,1375,1,6,1.0,323.0,150549.42093894724
5,1920,1996,671.0,1567,2654,3,11,2.0,638.0,199090.97052229848
7,1940,1998,680.0,798,1302,1,6,1.0,224.0,163694.369570764
6,1954,1995,967.0,1299,1299,1,6,2.0,494.0,173546.06151542836
5,1958,1998,1158.0,1176,1176,1,6,1.0,303.0,137162.57605845807
4,1945,1950,0.0,998,998,1,5,2.0,460.0,83250.09011063003
6,1984,1984,1190.0,1522,1522,2,7,2.0,552.0,189875.44254198507
5,1948,2005,409.0,1325,1325,2,6,2.0,576.0,142538.26957325405
5,1953,1953,1073.0,1630,1630,2,6,2.0,649.0,157647.44895209186
4,1946,1950,484.0,1242,1242,1,4,1.0,336.0,92554.07628878043
6,1954,1994,1288.0,2422,2422,3,6,2.0,527.0,234290.18369994056
6,1954,1954,988.0,988,1626,1,6,1.0,332.0,158595.47142450418
5,1958,1958,864.0,864,864,1,6,1.0,399.0,101994.31923706178
4,1958,1994,0.0,943,943,1,5,1.0,308.0,83876.92752947216
5,1984,1984,1038.0,1038,1038,2,5,1.0,264.0,121430.21957384585
5,1951,1951,1342.0,1342,1342,1,7,1.0,256.0,133325.54057300044
5,1951,1994,1080.0,1080,1480,1,7,1.0,253.0,145740.61686436087
4,1920,1950,951.0,986,1362,2,7,1.0,280.0,87732.34241097863
6,1984,1984,1105.0,1105,1822,2,7,2.0,515.0,196487.99407605664
7,1994,2001,779.0,1029,1958,2,7,2.0,499.0,224607.10706086084
8,2007,2007,1643.0,1651,1651,2,7,3.0,870.0,273544.7544983083
8,2006,2007,2140.0,2140,2140,2,8,3.0,894.0,312090.9316116709
8,2007,2007,1643.0,1651,1651,2,7,3.0,870.0,273544.7544983083
7,2005,2006,1546.0,1546,1546,2,7,3.0,796.0,243959.8051167007
8,2006,2006,1489.0,1500,1500,2,7,2.0,674.0,247125.9536397108
7,2005,2006,1270.0,1270,1270,2,6,2.0,524.0,206966.81915206905
7,2005,2006,879.0,879,1795,2,7,2.0,578.0,221895.6832917533
7,1988,1988,929.0,946,1873,2,7,2.0,619.0,217491.79301152122
8,1976,1976,966.0,1743,1743,0,5,2.0,529.0,248000.00311142905
5,1994,1994,1022.0,1022,1022,1,6,2.0,747.0,151912.82022551633
6,1997,2006,635.0,646,1308,2,6,2.0,497.0,167966.17158840317
5,1994,1994,990.0,990,990,1,5,1.0,384.0,132558.0495144818
5,1996,1996,1097.0,1097,1097,1,6,1.0,242.0,140502.29054371687
7,1999,1999,988.0,988,1873,2,7,2.0,597.0,225232.81391500053
7,1998,1999,853.0,853,1753,2,7,2.0,534.0,214318.82819921034
7,2001,2001,845.0,845,1690,2,7,2.0,517.0,212288.78846127563
7,2000,2000,985.0,985,1842,2,7,2.0,486.0,222688.33471210534
5,1974,1974,864.0,894,894,1,5,2.0,440.0,124840.46680801408
5,1976,1976,1015.0,1025,1025,2,6,2.0,370.0,128759.98480766476
5,1977,1977,995.0,1009,1009,2,6,2.0,576.0,130954.13731257897
5,1977,1977,1040.0,1040,1040,1,5,2.0,748.0,142735.04709879146
5,1977,1977,876.0,907,907,1,5,1.0,308.0,114452.67578786891
5,1975,1975,864.0,879,879,1,5,2.0,440.0,124499.4189721581
5,1972,2000,864.0,864,864,1,5,2.0,576.0,132507.16004776582
4,1972,2006,385.0,875,875,1,5,2.0,728.0,110363.81131741358
7,2000,2000,1673.0,1673,1673,2,7,2.0,583.0,236202.63377667242
7,2003,2003,979.0,992,1932,2,7,2.0,610.0,230558.29253570456
7,2002,2002,860.0,860,1729,2,7,2.0,542.0,215553.3903816028
8,1994,1995,1556.0,1592,1592,2,7,2.0,484.0,244370.93549176888
8,2001,2001,1531.0,1531,2439,2,7,2.0,560.0,288757.5750098827
7,1996,2002,860.0,1212,1992,2,7,2.0,608.0,232508.79623331223
8,1999,2000,1341.0,1341,1341,1,5,2.0,482.0,234695.929919295
7,2007,2007,738.0,738,1476,2,7,2.0,552.0,202918.07536962046
7,2005,2005,1169.0,1190,1190,2,5,2.0,578.0,200438.63496698416
6,2006,2007,1330.0,1330,1330,2,6,2.0,437.0,191345.1863692603
7,2006,2006,738.0,738,1491,2,7,2.0,484.0,202086.11492125504
5,2005,2005,768.0,768,1536,2,6,2.0,400.0,163609.91585665848
5,1967,1967,936.0,936,936,1,4,1.0,384.0,111822.71106064576
4,1963,1963,1088.0,1088,1088,1,4,2.0,520.0,114803.48393665184
5,1925,1950,901.0,901,1351,1,7,2.0,576.0,128953.99943419476
6,1960,1960,1179.0,1179,1179,1,5,2.0,622.0,161251.5224933424
6,1976,1976,960.0,1044,1044,1,7,2.0,528.0,158641.68446006672
5,1979,1979,0.0,1100,2233,2,11,2.0,579.0,179621.43984657363
5,2005,2006,734.0,734,1408,2,6,2.0,489.0,158022.57083440758
10,2008,2009,5095.0,5095,5095,2,15,3.0,1154.0,588529.7694321277
6,2005,2005,547.0,1072,1072,1,5,2.0,525.0,170507.62632536236
5,1959,2000,960.0,960,960,1,4,1.0,392.0,121941.44581704098
4,1955,1955,0.0,1152,1152,2,6,0.0,0.0,61415.26945695025
5,1946,1950,1195.0,1195,1195,2,8,0.0,0.0,98547.2467966429
6,1920,1995,660.0,740,865,1,4,1.0,216.0,114317.9444742091
4,1955,1955,768.0,768,768,1,4,1.0,355.0,71589.88589011808
4,1955,1955,864.0,864,864,1,5,2.0,528.0,93233.23794538202
5,1923,1950,1296.0,1296,2592,2,12,0.0,0.0,164026.57608499797
5,1926,1950,1290.0,1422,1422,1,6,1.0,352.0,131094.62294431706
6,1921,2005,651.0,759,1298,2,8,1.0,240.0,133654.65244480898
7,1930,1995,531.0,567,1098,1,5,1.0,216.0,143993.74683621572
6,1921,1950,585.0,851,1436,1,7,1.0,228.0,129873.13881480647
6,1926,1991,686.0,686,1461,1,6,1.0,225.0,144042.2898558902
7,1927,1992,851.0,867,1718,2,8,2.0,264.0,187298.49971341714
5,1951,1951,0.0,1226,1226,1,7,2.0,400.0,119205.43912679073
4,1930,2003,930.0,1230,1755,2,7,1.0,231.0,128637.85490492778
5,1941,1950,728.0,760,1355,2,5,2.0,528.0,120223.99973243382
6,1960,1960,1560.0,1560,1560,1,6,2.0,580.0,190655.67531444458
6,1968,1968,1488.0,1488,1488,2,7,2.0,552.0,182701.75214459165
6,1980,1980,516.0,529,1045,1,5,2.0,462.0,145131.3892513134
4,1995,1996,1680.0,1680,1680,2,7,2.0,628.0,175776.3629480051
8,1988,1988,1004.0,1020,1020,1,4,2.0,509.0,202619.92632819642
7,1971,1971,1696.0,1696,1696,2,7,2.0,625.0,221290.38627145672
8,1986,1986,279.0,2726,2726,2,6,2.0,691.0,293362.01920755557
6,1940,1950,720.0,720,1215,1,6,2.0,720.0,142517.8520252779
5,1925,2003,936.0,936,1601,2,6,0.0,0.0,120313.97808083124
5,1923,1999,859.0,942,1828,2,6,1.7661179698216736,472.76886145404666,154960.64951083972
5,1922,1950,816.0,816,816,1,5,1.0,100.0,80971.1156823712
2,1939,1950,0.0,640,845,1,4,1.0,256.0,15123.946314957459
5,1895,2006,957.0,1034,1991,2,9,0.0,0.0,134662.5412046418
4,1957,1980,1073.0,1073,1073,1,6,2.0,720.0,121030.72363306466
5,1930,2007,837.0,1001,1001,1,5,1.0,216.0,114680.33050029352
8,2006,2007,1573.0,1625,1625,2,5,2.0,495.0,253088.60798616894
6,1979,1979,1001.0,1299,1299,2,5,2.0,486.0,168279.81125644152
5,2002,2002,1441.0,1392,1392,2,6,3.0,650.0,188854.25147757214
7,2002,2002,1409.0,1409,1409,1,4,2.0,576.0,222664.89910492045
7,1991,1992,1454.0,1478,1478,2,6,2.0,506.0,214134.30690187286
7,1975,1975,852.0,918,918,1,4,1.0,360.0,153155.27791161113
6,1974,1974,970.0,1026,1026,1,5,2.0,528.0,155567.61289598024
7,1987,1987,1501.0,1501,1501,2,5,2.0,512.0,213210.2128115208
6,1958,1995,585.0,2279,2279,2,7,2.0,461.0,222933.46242057648
7,2006,2007,1689.0,1689,1689,2,7,2.0,433.0,239223.89132895228
8,2006,2007,1546.0,1564,1564,2,6,2.0,502.0,249423.42598732328
7,1985,1985,1265.0,1240,1240,2,6,2.0,528.0,192836.75599913858
8,2001,2001,1267.0,1312,1312,2,5,2.0,471.0,225292.09635351505
8,2002,2002,1922.0,1922,1922,2,6,3.0,692.0,288738.22563701286
6,1996,1996,1491.0,1491,1491,2,7,2.0,571.0,199892.25216282997
7,2003,2004,1122.0,1146,2486,3,10,2.0,452.0,253814.4067001792
10,2006,2007,1824.0,1824,1824,2,8,3.0,932.0,327415.4944405921
3,1953,1953,0.0,2034,2034,1,9,4.0,1041.0,164138.00694162655
6,1996,1997,920.0,936,936,0,3,2.0,460.0,167955.8852152205
4,1972,1972,546.0,546,1092,1,5,1.0,253.0,89774.91586671094
4,1970,1970,530.0,530,992,1,4,1.0,297.0,83469.5431243137
4,1970,1970,546.0,546,1092,1,5,0.0,0.0,73711.026989104
4,1976,1976,546.0,546,1092,1,6,1.0,286.0,93077.62332526222
5,1977,1977,923.0,1008,1008,1,4,2.0,678.0,137534.7606934905
6,1977,1977,1244.0,1356,1356,2,6,2.0,528.0,175353.37208786653
5,1977,1994,1160.0,1676,1676,1,6,2.0,672.0,189015.97513304465
5,1977,1977,716.0,716,1432,1,6,2.0,531.0,149431.36732870317
5,1971,1971,796.0,796,796,1,5,0.0,0.0,87090.82142278925
4,1961,1961,1396.0,1608,1608,1,6,1.0,444.0,139264.28218298568
5,1976,2003,1090.0,1178,1178,1,6,2.0,502.0,157010.1780701205
5,1983,1983,816.0,816,816,1,4,1.0,264.0,110367.16111639701
5,1984,1984,864.0,887,887,1,5,1.0,288.0,116913.62203389895
6,1954,1954,1178.0,1293,1293,2,5,2.0,452.0,155189.89942828054
6,1956,1956,1008.0,1024,1024,1,5,1.0,313.0,130948.3634707341
5,1957,1957,1617.0,1797,1797,1,7,3.0,963.0,202042.07519582822
6,1957,1957,1705.0,1390,1390,1,4,2.0,550.0,179100.13887339458
7,1969,1969,1851.0,1851,1851,2,8,2.0,506.0,230895.6574852881
6,1997,1998,813.0,813,1525,2,6,2.0,400.0,179599.0052866945
6,1995,1995,781.0,781,1671,2,7,2.0,423.0,184944.67762399116
6,1996,1996,821.0,821,1776,2,7,2.0,443.0,192048.164767578
8,2005,2005,1074.0,1074,2064,2,7,2.0,527.0,259185.2833471191
7,2005,2006,1700.0,1700,2212,2,9,3.0,773.0,281096.1578949711
8,1994,1994,2062.0,2079,2687,2,9,2.0,618.0,314121.95302751474
6,1993,1994,1160.0,1169,1169,2,6,2.0,402.0,170484.648255924
8,1987,1987,1191.0,1204,1204,2,5,2.0,461.0,208914.14959103614
9,2005,2006,1398.0,1414,2798,3,11,3.0,670.0,332146.11907582986
10,2006,2006,1528.0,1528,3390,3,10,3.0,758.0,384914.47336907894
9,2006,2006,1094.0,1102,2473,2,11,3.0,675.0,315001.92711950396
10,2006,2006,1850.0,1850,2698,2,11,3.0,736.0,368483.0520202175
9,2005,2006,1390.0,1390,2795,3,10,3.0,660.0,330940.98872025707
9,2005,2005,1714.0,1714,1714,2,7,2.0,517.0,280724.4927428444
9,2005,2005,1910.0,2000,2000,2,8,3.0,722.0,316194.5848222056
6,1980,1980,988.0,1102,1102,1,5,2.0,582.0,164923.30113164405
7,1978,1978,945.0,945,1857,2,8,2.0,482.0,209514.4070673196
7,1976,1976,1047.0,1083,1083,1,5,2.0,596.0,182083.06052917847
7,2005,2006,960.0,960,2318,2,8,2.0,541.0,249356.0727412079
6,1975,2000,675.0,1109,1875,3,8,2.0,485.0,187958.8225175636
6,1974,1974,1103.0,1103,1103,2,6,2.0,462.0,154706.46076445444
4,1971,1971,864.0,874,874,1,5,2.0,576.0,104070.90331413574
6,2002,2002,1487.0,1419,1419,2,4,2.0,543.0,197154.3756845866
6,1973,1973,525.0,525,1092,1,6,2.0,440.0,143440.31232259143
5,1973,1973,765.0,765,1365,1,7,2.0,440.0,144443.6112536986
6,1972,1972,494.0,494,1030,1,6,1.0,264.0,125162.30681901611
6,1972,1972,483.0,483,948,1,5,1.0,264.0,120442.51837186329
6,1972,1972,525.0,525,1092,1,6,1.0,264.0,129056.07516496978
6,1975,1975,1069.0,1069,1069,2,4,2.0,440.0,151448.80926273623
5,1967,1975,943.0,1387,1387,1,6,1.0,300.0,142350.41047011828
7,1976,1976,1055.0,1055,1055,2,4,1.0,319.0,157590.82026800024
6,1976,1976,855.0,855,1456,2,6,2.0,460.0,165531.28135576914
9,2006,2006,1738.0,1738,2589,2,11,3.0,831.0,341634.4884403676
8,2004,2004,1618.0,1618,1618,2,6,3.0,880.0,269005.035659258
7,2006,2006,1721.0,1740,1740,2,8,3.0,874.0,260548.36133337393
9,2005,2005,1868.0,1868,1868,2,7,3.0,1085.0,311969.5008592347
9,2005,2006,1090.0,1117,2206,2,10,3.0,670.0,301517.8106125761
9,2005,2006,1606.0,1625,2091,2,8,2.0,521.0,296763.2194422744
8,2005,2006,1209.0,1209,2253,2,8,2.0,575.0,273692.80087701534
8,2006,2006,1054.0,1054,2389,2,10,3.0,672.0,289528.40034017526
8,2005,2006,1524.0,1544,2358,2,10,3.0,784.0,303470.6569689461
9,2005,2006,1792.0,1792,1792,2,6,3.0,925.0,303686.2186911844
9,2004,2005,1780.0,1780,1780,2,7,3.0,816.0,301079.787310309
8,2004,2004,1420.0,1426,1914,2,9,3.0,746.0,276961.84592174785
9,2005,2005,1560.0,1565,1565,2,6,2.0,556.0,269191.1784237055
9,2006,2006,1686.0,1686,1686,2,6,3.0,899.0,295382.6369463748
9,2006,2006,1666.0,1666,1666,2,6,2.0,575.0,277961.0793415096
6,2005,2006,728.0,728,1456,2,8,2.0,390.0,179313.47984395945
7,2006,2006,738.0,738,1492,2,8,2.0,440.0,201968.97011695988
6,2006,2006,1326.0,1326,1326,2,6,2.0,427.0,190579.34408523608
8,2004,2005,1052.0,1052,2373,2,9,3.0,632.0,286806.2993318704
7,2006,2006,738.0,738,1492,2,8,2.0,440.0,201968.97011695988
7,2006,2006,1220.0,1364,1364,2,6,2.0,437.0,211143.37140837638
7,2002,2002,1368.0,1511,1511,2,5,2.0,398.0,219169.08526839525
7,2004,2004,1365.0,1548,1548,2,7,2.0,388.0,223394.89690712187
7,2005,2006,1142.0,1142,1142,2,6,2.0,440.0,195860.14159528213
7,2004,2005,848.0,848,1598,2,7,2.0,433.0,208875.98077539192
6,2000,2000,982.0,1008,1889,2,9,2.0,431.0,205722.12020094204
7,2006,2006,1035.0,1082,2322,3,8,3.0,617.0,257897.4953824135
8,1998,1998,1044.0,1079,1976,2,7,3.0,885.0,266752.06550599425
8,2000,2000,1160.0,1205,2234,2,7,3.0,768.0,282261.8936285069
9,2000,2000,1540.0,1540,2855,2,9,3.0,774.0,343299.979896168
8,1995,1995,1342.0,1358,2726,2,9,3.0,725.0,308179.55207708455
9,1993,1994,1733.0,1933,3500,3,11,3.0,959.0,375326.73949595354
8,1994,1995,1290.0,1305,2494,2,9,3.0,803.0,296297.2982442172
8,1993,1993,1286.0,1565,2799,2,8,3.0,704.0,311885.7228096598
8,2005,2006,1100.0,1116,1964,2,8,2.0,760.0,259422.7462833263
8,2006,2006,1670.0,1670,1670,2,6,3.0,928.0,274904.55558312894
8,2006,2006,1504.0,1504,1504,2,7,2.0,510.0,245293.91372402874
8,2006,2006,1278.0,1278,1278,2,5,2.0,584.0,227904.19103272771
9,2006,2006,2036.0,2036,2640,3,11,3.0,792.0,345118.26825297554
6,2005,2005,858.0,858,1716,2,7,2.0,615.0,198039.4978045004
6,2005,2005,1142.0,1142,1142,1,5,0.0,0.0,153830.94266538369
7,2005,2006,1400.0,1400,1400,2,6,2.0,612.0,218284.85766466474
6,2005,2006,1131.0,1131,1131,1,6,0.0,0.0,153746.98630375462
7,2005,2005,891.0,891,1686,2,8,2.0,462.0,215516.32578341453
7,2005,2005,784.0,831,1585,2,7,2.0,449.0,207548.58825531625
6,1997,1998,941.0,941,1837,2,7,2.0,688.0,202875.15378312673
6,1992,1993,836.0,844,1731,2,7,2.0,462.0,188640.28010993404
6,1990,1991,1398.0,1398,1398,2,5,2.0,542.0,188103.81604440743
6,1991,1991,1217.0,1217,1217,2,5,2.0,484.0,173534.7216344846
6,1994,1994,636.0,636,1320,2,6,2.0,472.0,163439.14137492166
5,1962,1962,988.0,988,988,1,6,2.0,624.0,128470.83177733188
6,1977,1977,0.0,1286,1654,2,10,2.0,528.0,171750.61982660485
5,1962,2002,864.0,1211,1211,1,6,2.0,576.0,152459.0566494821
5,1965,1965,984.0,984,984,1,5,1.0,310.0,113764.87879149569
5,1968,1968,882.0,909,909,1,5,1.0,294.0,109106.16737965774
5,1963,1963,925.0,925,925,1,5,2.0,484.0,121758.0765137258
5,1965,1965,1024.0,1024,1024,1,5,1.0,308.0,116838.17502146098
5,1964,1964,912.0,912,912,1,6,0.0,0.0,92366.33344447077
5,1967,1967,912.0,941,941,1,6,1.0,288.0,111330.64015634009
7,1974,1974,1748.0,2151,2646,2,9,2.0,550.0,275935.1687065407
8,1992,1993,1334.0,1520,2826,2,9,3.0,888.0,316020.3351224854
7,2004,2004,1143.0,1143,1143,1,5,2.0,588.0,203855.32916349848
7,2005,2005,600.0,520,1223,2,4,2.0,480.0,181970.3348401098
6,2000,2000,756.0,768,1524,2,4,2.0,440.0,179172.47216663207
7,2003,2003,530.0,530,1080,2,4,2.0,496.0,173219.23749862192
7,1997,1998,569.0,854,1694,2,6,1.0,434.0,193451.34153439617
8,2001,2002,1568.0,1568,1568,2,6,2.0,564.0,247896.68133465247
5,1972,1972,1153.0,1193,1193,2,6,2.0,501.0,140793.33306309837
7,1967,1967,1334.0,1334,1334,2,7,2.0,477.0,188755.29799269326
5,1968,1968,1051.0,1051,1051,1,6,2.0,504.0,135243.47313889558
5,1968,1968,900.0,884,1770,1,7,2.0,530.0,165945.26289979578
6,1968,2004,976.0,976,976,1,4,2.0,504.0,159505.0766008487
5,1968,1968,833.0,898,898,1,6,1.0,326.0,108585.26030085701
5,1966,1966,1051.0,1051,1051,1,6,1.0,264.0,119362.5232554446
5,1967,1967,1141.0,1141,1141,1,6,1.0,568.0,131214.81281185546
6,1965,2000,1187.0,1565,1565,2,7,1.0,299.0,177343.46209155116
6,1964,1964,1008.0,1488,1488,1,7,2.0,430.0,178571.69337339
5,1964,1964,720.0,720,1440,1,7,2.0,480.0,141920.89941116492
5,1960,1960,1248.0,1248,1248,1,6,1.0,286.0,131370.16781148245
6,1934,1950,816.0,816,816,1,4,1.0,240.0,105506.23266012175
5,1947,1950,938.0,1043,1043,1,5,1.0,273.0,106452.8222226901
5,1961,1990,1251.0,1433,1433,1,7,2.0,441.0,166650.3671061534
5,1952,1952,1444.0,1624,1624,1,6,1.0,240.0,152396.8385724905
5,1951,1951,1056.0,1216,1216,1,7,1.0,280.0,121484.10992259602
5,1949,1973,704.0,1024,1728,1,7,1.0,234.0,143748.3548496405
5,1954,1975,936.0,936,936,1,5,1.0,240.0,109115.59814842162
5,1967,1967,1584.0,1584,1584,2,8,2.0,506.0,169710.16137221362
6,1964,1964,1246.0,1246,1246,1,6,2.0,441.0,166737.68582024635
6,1963,1963,1008.0,1008,1008,1,5,2.0,430.0,147079.26527574216
5,1957,1957,1179.0,1364,1364,1,6,1.0,331.0,136423.19615691947
6,1958,1958,1121.0,1336,1336,1,7,2.0,488.0,168016.81126233842
5,1956,1956,1058.0,1370,1370,1,6,1.0,300.0,133943.44249560847
6,1956,1994,1124.0,1124,1124,1,6,1.0,353.0,151928.86557395663
6,1954,2000,1050.0,1050,1050,1,6,1.0,286.0,146575.98818831402
5,1952,2003,1008.0,1008,1008,1,4,1.0,280.0,123064.2140700384
6,1951,1951,216.0,1575,1575,1,5,2.0,400.0,163000.1794708264
5,1956,1956,301.0,1145,1145,1,6,2.0,684.0,125201.00323081552
5,1956,1956,1005.0,1005,1005,1,6,1.0,319.0,110608.93927512807
5,1955,1955,1056.0,1056,1056,1,6,1.0,300.0,113699.81379420427
5,1951,1991,884.0,884,884,1,4,1.0,270.0,109248.2006111627
7,1941,1963,929.0,2039,2039,1,7,3.0,791.0,241062.64644396026
5,1956,2001,1015.0,1384,1384,1,6,2.0,896.0,168042.91740988637
5,1925,1975,2171.0,1392,2640,2,10,3.0,1008.0,236542.37868551537
6,1947,1950,784.0,900,1312,1,6,2.0,649.0,151706.26514387853
3,1930,2001,713.0,713,713,1,5,1.0,371.0,55819.96487707994
3,1929,1950,715.0,715,715,1,4,2.0,660.0,54554.4966197554
4,1900,1998,448.0,448,720,1,5,1.0,280.0,57334.47756947158
6,1915,1950,663.0,774,1595,2,7,2.0,528.0,144228.00021534064
4,1910,1950,1077.0,981,1760,1,7,2.0,648.0,129568.38308878778
6,1963,1963,1083.0,1146,1146,1,6,1.0,294.0,144059.15137683158
6,1962,1985,1135.0,1207,1207,1,6,1.0,264.0,154879.4960430283
6,1961,1992,1313.0,1773,1773,2,6,2.0,418.0,201123.82289528567
7,1959,1959,0.0,1472,1472,2,5,2.0,484.0,171708.56704692496
7,1962,1998,1438.0,1900,2448,3,9,2.0,441.0,253584.94630375458
4,1950,1950,910.0,910,1521,1,6,1.0,597.0,113303.36948077125
3,1950,1950,0.0,1040,1040,2,6,2.0,400.0,60043.685431849444
5,1960,1960,1556.0,1556,1556,2,8,0.0,0.0,133623.10517746583
5,1961,1961,1150.0,1150,1150,1,6,1.0,288.0,124395.87256551115
7,1962,1962,1045.0,1045,1045,1,6,2.0,528.0,170830.6501833042
5,1962,1962,864.0,864,864,1,5,1.0,336.0,103038.1647518829
5,1962,1962,1025.0,1025,1025,1,6,0.0,0.0,99935.72342468752
5,1900,2005,716.0,1007,2014,2,8,2.0,624.0,163790.23615356907
5,1948,1950,1212.0,1226,1668,1,6,1.0,240.0,143529.76321708853
4,1920,1980,1147.0,1147,1657,1,9,1.0,162.0,123080.72153980215
6,1900,2004,780.0,940,1416,1,7,2.0,400.0,157967.81747467746
7,1900,1970,712.0,848,1428,1,7,2.0,576.0,167608.29806710477
7,1930,1950,502.0,502,1004,1,5,1.0,200.0,123702.98686572979
4,1900,1950,938.0,1084,1951,2,9,2.0,576.0,128023.73714070185
6,1924,1950,1032.0,1032,1032,1,5,1.0,280.0,120459.72478265781
5,1925,1950,844.0,844,844,1,5,1.0,216.0,85617.84510368691
4,1950,1950,576.0,864,864,1,5,1.0,528.0,74604.02657773113
3,1905,1950,738.0,714,1376,1,7,1.0,216.0,63716.00515922648
5,1955,1955,960.0,960,960,1,5,2.0,576.0,120997.76242445176
5,1924,1950,816.0,816,1566,1,7,2.0,450.0,134730.04684763378
3,1921,1950,492.0,492,492,1,3,1.0,200.0,16776.427681247704
6,1945,1950,770.0,885,1182,1,5,1.0,378.0,128889.10140737565
3,1920,1950,798.0,840,840,1,5,1.0,250.0,44456.860139226774
7,1910,2005,1226.0,1226,2104,2,9,2.0,432.0,218806.6128815296
5,1920,1950,624.0,624,1248,2,8,0.0,0.0,76960.52889227145
5,1958,1958,960.0,960,960,1,5,2.0,624.0,123461.499435907
3,1918,1950,1020.0,1020,1020,1,5,0.0,0.0,43654.149709534366
6,1924,1996,848.0,1017,1827,1,9,1.0,240.0,171429.60018503666
3,1930,1950,728.0,728,1162,1,6,1.0,258.0,60645.16087664128
5,1930,1984,741.0,741,1324,1,7,1.0,180.0,118172.18215947133
5,1925,1950,816.0,816,816,1,4,1.0,210.0,82908.43932182505
6,1962,1962,1595.0,1611,2486,2,8,2.0,576.0,231273.61379323388
4,1924,1950,596.0,834,1430,2,7,2.0,370.0,97167.31736985873
5,1910,2004,396.0,665,1330,1,7,1.0,390.0,115802.35814718553
5,1919,1950,610.0,819,819,1,4,0.0,0.0,64040.185962887714
6,1930,1950,984.0,984,984,1,6,1.0,308.0,119272.66676102579
5,1951,1951,806.0,1081,1422,1,7,1.0,288.0,125789.07666302845
6,1964,1964,1921.0,1921,1921,2,8,2.0,576.0,214682.18512309692
5,1950,1950,0.0,1640,1640,1,7,2.0,394.0,144389.91962534375
5,1935,1950,0.0,1032,1032,1,6,1.0,260.0,88536.81141891214
5,1936,1950,830.0,879,879,1,4,1.0,180.0,89725.34834625782
7,2004,2004,1073.0,1073,1073,2,4,1.0,246.0,174649.7153558056
5,1967,1967,1064.0,1064,1064,1,6,2.0,528.0,135993.08490564371
6,1964,1964,912.0,934,934,1,4,1.0,336.0,128518.17820556741
5,1966,1966,1059.0,1059,1059,1,6,1.0,286.0,120292.40046059829
5,1967,1967,1176.0,1458,1458,1,7,2.0,512.0,162524.11810979364
6,1978,1978,960.0,1040,1040,1,6,2.0,616.0,160368.35336342407
5,1977,1977,1967.0,1967,1967,2,10,2.0,580.0,207316.62871515192
5,1977,1977,1949.0,1949,1949,2,10,2.0,586.0,206005.41378629813
5,1924,1950,872.0,872,872,1,5,1.0,322.0,88999.39592739171
7,1967,1967,1865.0,1830,1830,1,6,2.0,521.0,235105.47373911575
5,1963,1963,1000.0,1000,1000,1,4,2.0,575.0,128399.88685117848
5,1971,1972,782.0,810,810,1,4,2.0,576.0,118344.12704538857
7,1980,1981,430.0,880,1700,2,7,1.0,450.0,182566.5527533826
4,1954,1954,967.0,1350,1350,1,6,2.0,504.0,124667.84049580758
5,1942,1950,799.0,799,1150,1,6,1.0,215.0,104219.91931480006
6,1928,1950,672.0,1337,2009,2,8,3.0,795.0,191552.27233187505
6,1935,1990,1836.0,1836,3672,3,7,2.0,836.0,292388.95664241
5,1962,1962,1776.0,1560,1560,2,6,2.0,528.0,167523.5033685984
5,1952,2002,0.0,1488,1488,1,7,2.0,569.0,154297.2055686072
5,1955,1999,1057.0,1057,1057,1,6,1.0,288.0,127467.42316537118
6,1953,1953,1000.0,1068,1609,1,7,1.0,305.0,158589.4523818933
6,1989,1989,868.0,1313,2559,2,9,2.0,506.0,235104.1606432791
6,1993,1993,1344.0,1440,1440,2,8,4.0,920.0,220691.91129465913
7,2005,2006,1308.0,1308,1876,2,7,3.0,848.0,253541.41570995422
7,2005,2005,1208.0,1208,1208,2,6,2.0,632.0,203364.41104438994
6,2006,2006,1836.0,1846,1846,2,7,2.0,495.0,232158.34701618575
8,2005,2006,1570.0,1590,1590,2,6,3.0,754.0,265670.788802359
7,2005,2006,945.0,945,1809,2,8,2.0,638.0,225811.7486779769
7,2005,2005,1614.0,1614,1614,2,7,2.0,576.0,234509.95307264454
7,2005,2005,784.0,784,1596,2,6,2.0,610.0,209211.9142155596
6,1968,1968,1388.0,1388,1388,2,6,2.0,522.0,174072.01959196967
5,1996,1996,1100.0,1100,1100,1,5,2.0,462.0,154688.25998530793
6,1995,1995,781.0,795,1499,2,6,2.0,473.0,177128.0763255211
7,1998,1998,1425.0,1425,1425,2,5,2.0,591.0,214986.1715336996
7,1999,1999,842.0,856,1749,2,7,2.0,515.0,214017.84978055488
7,1999,2000,951.0,951,1779,2,7,2.0,586.0,219784.20609921915
6,1977,1977,675.0,686,1388,1,6,1.0,317.0,151589.3610794486
6,1978,1978,995.0,1282,1282,2,6,3.0,672.0,180914.10415721708
5,1972,1972,864.0,864,864,1,5,1.0,297.0,108450.2476231188
7,2002,2002,826.0,878,1762,2,6,2.0,591.0,217122.52680939226
6,1999,1999,840.0,840,1755,2,7,2.0,530.0,194611.12655955693
8,2002,2002,1348.0,1358,1358,1,5,2.0,418.0,236436.11189151998
7,2002,2002,872.0,872,1909,2,8,2.0,529.0,224830.50893706852
8,1999,1999,1090.0,1090,2214,2,8,3.0,646.0,276730.6150471256
7,1996,1997,1065.0,1065,2049,2,9,2.0,467.0,233567.20300325658
7,1998,1998,1054.0,1070,1939,2,8,3.0,555.0,241158.96901219315
7,1995,1996,930.0,950,1995,2,8,2.0,610.0,228243.86700947746
6,2003,2003,848.0,848,848,1,4,2.0,420.0,157922.41570841963
7,2003,2003,1390.0,1390,1390,2,7,2.0,545.0,215513.46609460888
7,2006,2006,851.0,851,1737,2,7,2.0,578.0,218563.70648444816
7,2005,2005,784.0,784,1611,2,6,2.0,572.0,209398.2106621547
7,2005,2006,1336.0,1336,1336,2,6,2.0,502.0,211774.60722453357
4,1910,2000,676.0,760,1436,2,6,2.0,528.0,111177.11721165013
6,1975,1975,976.0,1012,1012,2,4,0.0,0.0,117672.43981538992
5,1969,1969,1176.0,1176,1176,1,5,1.0,360.0,131739.76556386217
7,2003,2004,796.0,806,1724,2,8,2.0,616.0,215977.6199306599
6,2002,2002,914.0,914,914,1,4,0.0,0.0,133910.49685630598
7,2003,2005,1150.0,1164,2314,2,9,2.0,502.0,253992.08290723665
6,2005,2006,547.0,1072,1072,1,5,2.0,525.0,170822.60223712912
7,2004,2004,970.0,970,1709,2,7,2.0,380.0,216745.8072172813
4,1948,1950,624.0,624,936,1,5,1.0,265.0,71067.14145148383
6,1915,1950,832.0,846,1338,2,7,2.0,528.0,135456.5922634569
4,1924,1950,1093.0,1093,1669,1,9,1.0,288.0,115514.63784364448
4,1954,1968,954.0,1482,1482,2,6,2.0,609.0,131406.12688088324
4,1922,1950,864.0,964,1414,1,8,0.0,0.0,81569.3002635527
2,1922,1955,498.0,498,498,1,3,1.0,216.0,-322.8066638840828
4,1910,1993,616.0,1055,1273,1,5,1.0,275.0,96357.58041469124
5,1938,1950,1058.0,1058,1551,2,6,1.0,240.0,123154.96265417617
6,1945,1950,780.0,816,1340,1,6,1.0,440.0,136967.068058884
7,1926,1997,624.0,743,1479,1,6,1.0,312.0,167554.71565846936
6,1920,1950,755.0,755,1510,1,6,1.0,216.0,133703.53988525667
7,1919,1950,818.0,818,1636,1,7,1.0,288.0,162448.3321998869
5,1939,1950,992.0,992,1465,2,6,1.0,240.0,117357.31132329185
5,1941,1950,824.0,824,1288,1,6,1.0,240.0,111660.8551280119
6,1920,1950,817.0,940,1550,1,7,1.0,318.0,141114.5695776951
5,1940,1950,901.0,1125,1717,1,7,1.0,410.0,140343.73381426907
7,1929,1950,1022.0,1122,1671,2,7,2.0,451.0,180798.9506695238
7,1932,1990,637.0,959,1609,1,8,3.0,579.0,203881.24851701013
6,1930,1959,697.0,1104,1801,1,8,2.0,365.0,171808.14652660862
5,1950,1963,1168.0,1278,2315,2,9,1.0,342.0,174971.34436178138
5,1942,1950,976.0,976,976,1,5,1.0,215.0,100617.46640362288
6,1926,1950,861.0,861,1285,1,6,2.0,506.0,143090.4478000831
4,1925,1950,432.0,672,672,1,4,0.0,0.0,34216.61106224498
4,1925,1950,641.0,641,641,1,4,1.0,272.0,50566.51481397543
6,1957,1957,967.0,967,1638,2,6,1.0,384.0,153873.54035460763
3,1945,1950,0.0,729,729,1,5,0.0,0.0,17702.390198006062
5,1951,1951,660.0,1060,1396,2,8,0.0,0.0,99927.68859079434
3,1916,1950,216.0,576,936,1,6,0.0,0.0,21003.224076952087
8,2005,2006,1573.0,1778,1778,2,5,2.0,495.0,262051.3237773052
8,2004,2005,1594.0,1646,1646,2,5,2.0,525.0,253946.85128758568
6,1979,1979,1625.0,1625,1625,2,6,2.0,576.0,199764.94596013706
6,1978,1978,1664.0,1664,1664,2,10,2.0,616.0,204571.5055269762
8,2001,2001,1491.0,1491,1491,2,7,2.0,490.0,241024.05096633732
6,1975,1975,1128.0,1210,1210,2,6,2.0,528.0,163292.73847192037
6,1958,1958,1632.0,1650,1650,1,6,2.0,518.0,195298.17569244374
6,2000,2000,1381.0,1403,1403,2,5,2.0,470.0,192792.89591428568
8,2005,2006,1728.0,1960,1960,2,8,3.0,714.0,291511.3993571638
9,2005,2006,1838.0,1838,1838,2,9,3.0,682.0,305195.2152672615
1,1951,1951,0.0,1600,1600,1,6,1.0,270.0,50394.22124353028
7,1997,1997,1288.0,1368,1368,2,8,4.0,784.0,235466.41703611892
5,1977,1977,264.0,616,1304,1,5,1.0,336.0,120521.16136047989
5,1968,2003,864.0,874,874,1,5,1.0,288.0,117588.15306808101
5,1970,1970,1652.0,1652,1652,2,8,3.0,928.0,194020.7963332429
4,1970,1970,630.0,630,630,1,3,0.0,0.0,53070.224972094176
4,1972,1972,546.0,546,1092,1,5,1.0,253.0,89774.91586671094
5,1969,1979,1104.0,1360,1360,1,8,1.0,336.0,146324.90847592452
4,1970,1970,546.0,546,1092,1,5,1.0,286.0,89047.11949651944
4,1970,1970,546.0,546,1092,1,5,0.0,0.0,73711.026989104
4,1970,1970,546.0,546,1092,1,5,0.0,0.0,73711.026989104
4,1970,1970,546.0,546,1092,1,6,1.0,286.0,89501.08341304027
5,1960,1996,1224.0,1224,1224,1,7,2.0,576.0,156694.78156593768
5,1992,1992,912.0,970,970,1,6,0.0,0.0,112680.45261024754
7,1993,1994,996.0,996,2000,2,9,3.0,650.0,241276.98890533228
